text,user__name,user__location,user__verified,user__followers_count,user__friends_count,user__statuses_count,user__lang,geo__coordinates__001,geo__coordinates__002,coordinates__coordinates__001,coordinates__coordinates__002,place__name,place__full_name,place__country,retweeted_status__retweet_count,favorited
RT @larlakechi58: #Retweet and like to see more!ğŸ’•ğŸ˜ˆ\n\n#tits #cock #bbc #cumtribute #nude #dm #horny #teen #nike #cumslut #cock #cum #cockslutâ€¦,ğŸ˜˜Crystal NormanğŸ˜˜,Tulsa,False,3835.0,108.0,211.0,en,,,,,,,,6.0,False
,,,,,,,,,,,,,,,,
,,,,,,,,,,,,,,,,
,,,,,,,,,,,,,,,,
,,,,,,,,,,,,,,,,
,,,,,,,,,,,,,,,,
,,,,,,,,,,,,,,,,
,,,,,,,,,,,,,,,,
,,,,,,,,,,,,,,,,
,,,,,,,,,,,,,,,,
,,,,,,,,,,,,,,,,
,,,,,,,,,,,,,,,,
,,,,,,,,,,,,,,,,
,,,,,,,,,,,,,,,,
,,,,,,,,,,,,,,,,
,,,,,,,,,,,,,,,,
,,,,,,,,,,,,,,,,
,,,,,,,,,,,,,,,,
,,,,,,,,,,,,,,,,
,,,,,,,,,,,,,,,,
,,,,,,,,,,,,,,,,
,,,,,,,,,,,,,,,,
,,,,,,,,,,,,,,,,
,,,,,,,,,,,,,,,,
,,,,,,,,,,,,,,,,
,,,,,,,,,,,,,,,,
,,,,,,,,,,,,,,,,
,,,,,,,,,,,,,,,,
,,,,,,,,,,,,,,,,
,,,,,,,,,,,,,,,,
,,,,,,,,,,,,,,,,
RT @LanaFlack: So good I had to share! Check out all the items I'm loving on @Poshmarkapp from @becdr2 #poshmark #fashion #style #shopmycloâ€¦,Becky Kay Dickson,United States,False,29.0,44.0,1060.0,en,,,,,,,,1.0,False
,,,,,,,,,,,,,,,,
,,,,,,,,,,,,,,,,
,,,,,,,,,,,,,,,,
,,,,,,,,,,,,,,,,
,,,,,,,,,,,,,,,,
,,,,,,,,,,,,,,,,
,,,,,,,,,,,,,,,,
,,,,,,,,,,,,,,,,
,,,,,,,,,,,,,,,,
,,,,,,,,,,,,,,,,
,,,,,,,,,,,,,,,,
RT @larlakechi58: #Retweet and like to see more!ğŸ’•ğŸ˜ˆ\n\n#tits #cock #bbc #cumtribute #nude #dm #horny #teen #nike #cumslut #cock #cum #cockslutâ€¦,XXX VIDEOS HD,Savannah,False,1944.0,780.0,1697.0,en,,,,,,,,7.0,False
,,,,,,,,,,,,,,,,
,,,,,,,,,,,,,,,,
,,,,,,,,,,,,,,,,
,,,,,,,,,,,,,,,,
,,,,,,,,,,,,,,,,
,,,,,,,,,,,,,,,,
,,,,,,,,,,,,,,,,
,,,,,,,,,,,,,,,,
,,,,,,,,,,,,,,,,
,,,,,,,,,,,,,,,,
,,,,,,,,,,,,,,,,
,,,,,,,,,,,,,,,,
,,,,,,,,,,,,,,,,
,,,,,,,,,,,,,,,,
,,,,,,,,,,,,,,,,
,,,,,,,,,,,,,,,,
,,,,,,,,,,,,,,,,
,,,,,,,,,,,,,,,,
,,,,,,,,,,,,,,,,
,,,,,,,,,,,,,,,,
,,,,,,,,,,,,,,,,
,,,,,,,,,,,,,,,,
,,,,,,,,,,,,,,,,
,,,,,,,,,,,,,,,,
,,,,,,,,,,,,,,,,
,,,,,,,,,,,,,,,,
,,,,,,,,,,,,,,,,
,,,,,,,,,,,,,,,,
,,,,,,,,,,,,,,,,
,,,,,,,,,,,,,,,,
RT @larlakechi58: #Retweet and like to see more!ğŸ’•ğŸ˜ˆ\n\n#tits #cock #bbc #cumtribute #nude #dm #horny #teen #nike #cumslut #cock #cum #cockslutâ€¦,ãƒŠã‚¤ãƒˆãƒœãƒ¼ã‚¤,,False,55.0,478.0,3398.0,en,,,,,,,,8.0,False
,,,,,,,,,,,,,,,,
,,,,,,,,,,,,,,,,
,,,,,,,,,,,,,,,,
,,,,,,,,,,,,,,,,
,,,,,,,,,,,,,,,,
,,,,,,,,,,,,,,,,
,,,,,,,,,,,,,,,,
,,,,,,,,,,,,,,,,
,,,,,,,,,,,,,,,,
,,,,,,,,,,,,,,,,
,,,,,,,,,,,,,,,,
,,,,,,,,,,,,,,,,
,,,,,,,,,,,,,,,,
,,,,,,,,,,,,,,,,
,,,,,,,,,,,,,,,,
,,,,,,,,,,,,,,,,
,,,,,,,,,,,,,,,,
,,,,,,,,,,,,,,,,
,,,,,,,,,,,,,,,,
,,,,,,,,,,,,,,,,
,,,,,,,,,,,,,,,,
,,,,,,,,,,,,,,,,
,,,,,,,,,,,,,,,,
,,,,,,,,,,,,,,,,
,,,,,,,,,,,,,,,,
,,,,,,,,,,,,,,,,
,,,,,,,,,,,,,,,,
,,,,,,,,,,,,,,,,
,,,,,,,,,,,,,,,,
,,,,,,,,,,,,,,,,
RT @HYPEBEAST: Get ready to cop the #AMBUSH x #Nike sneaker. \nhttps://t.co/UMmlo0J429,Kevin Morales,"Washington, DC",False,63.0,223.0,1696.0,en,,,,,,,,30.0,False
,,,,,,,,,,,,,,,,
RT @larlakechi58: #Retweet and like to see more!ğŸ’•ğŸ˜ˆ\n\n#tits #cock #bbc #cumtribute #nude #dm #horny #teen #nike #cumslut #cock #cum #cockslutâ€¦,VIDEOS  XXX,Murfreesboro,False,10620.0,9446.0,3003.0,en,,,,,,,,9.0,False
,,,,,,,,,,,,,,,,
,,,,,,,,,,,,,,,,
,,,,,,,,,,,,,,,,
,,,,,,,,,,,,,,,,
,,,,,,,,,,,,,,,,
,,,,,,,,,,,,,,,,
,,,,,,,,,,,,,,,,
,,,,,,,,,,,,,,,,
,,,,,,,,,,,,,,,,
,,,,,,,,,,,,,,,,
,,,,,,,,,,,,,,,,
,,,,,,,,,,,,,,,,
,,,,,,,,,,,,,,,,
,,,,,,,,,,,,,,,,
,,,,,,,,,,,,,,,,
,,,,,,,,,,,,,,,,
,,,,,,,,,,,,,,,,
,,,,,,,,,,,,,,,,
,,,,,,,,,,,,,,,,
,,,,,,,,,,,,,,,,
,,,,,,,,,,,,,,,,
,,,,,,,,,,,,,,,,
,,,,,,,,,,,,,,,,
,,,,,,,,,,,,,,,,
,,,,,,,,,,,,,,,,
,,,,,,,,,,,,,,,,
,,,,,,,,,,,,,,,,
,,,,,,,,,,,,,,,,
,,,,,,,,,,,,,,,,
,,,,,,,,,,,,,,,,
RT @fcostaealmeida: #Snapchat Scores Viral Hit with #Nike #AugmentedReality Experience Starring #LebronJames \nhttps://t.co/HhnpQNFkRX #AR hâ€¦,AntÃ³nio Arantes,"London, England",False,155.0,569.0,414.0,en-gb,,,,,,,,1.0,False
,,,,,,,,,,,,,,,,
,,,,,,,,,,,,,,,,
,,,,,,,,,,,,,,,,
,,,,,,,,,,,,,,,,
RT @wwd_jp: ã€æ˜æ—¥ç™ºå£²ã€‘çµ‚äº†ãŒå™‚ã•ã‚Œã‚‹ã€ŒãƒŠã‚¤ã‚­ã€ã¨ãƒ´ã‚¡ãƒ¼ã‚¸ãƒ«ã®ã€ŒTHE TENã€ã‹ã‚‰æ–°ä½œâ€œã‚¨ã‚¢ ãƒãƒƒã‚¯ã‚¹ 90â€ã€€ãƒ™ãƒ“ãƒ¼ã‚·ãƒ¥ãƒ¼ã‚ºã‚‚ç”¨æ„\nhttps://t.co/1KwgruQ9j5\n#NIKE #VirgilAbloh,ãœã‚ğŸ”‘[ğŸ‡¨ğŸ‡¦],2020/1/25ã¾ã§ã‚«ãƒŠãƒ€ç•™å­¦,False,6165.0,6305.0,29332.0,ja,,,,,,,,10.0,False
,,,,,,,,,,,,,,,,
RT @pQEepilrn85Lg1x: RTå¤–ã—ã¦å†åº¦RT ã§å½“é¸ç‡ã‚¢ãƒƒãƒ—ã—ã¾ã™ï¼ https://t.co/T7ZF5etGja,é£›ã¹ãªã„ãƒªã‚¶ãƒ¼ãƒ‰ãƒ³,ã©ã“ã‹,False,32.0,24.0,44.0,ja,,,,,,,,26.0,False
,,,,,,,,,,,,,,,,
,,,,,,,,,,,,,,,,
,,,,,,,,,,,,,,,,
,,,,,,,,,,,,,,,,
,,,,,,,,,,,,,,,,
,,,,,,,,,,,,,,,,
,,,,,,,,,,,,,,,,
,,,,,,,,,,,,,,,,
,,,,,,,,,,,,,,,,
,,,,,,,,,,,,,,,,
,,,,,,,,,,,,,,,,
,,,,,,,,,,,,,,,,
,,,,,,,,,,,,,,,,
,,,,,,,,,,,,,,,,
,,,,,,,,,,,,,,,,
RT @fnitudtari78: I love riding big cocks. #RTğŸ’¦ğŸ‘ğŸ”¥\n\n#tits #cock #bbc #cumtribute #nude #dm #horny #teen #nike #cumslut #cock #cum #cockslutâ€¦,Steven Kb,,False,248.0,3956.0,2461.0,de,,,,,,,,37.0,False
,,,,,,,,,,,,,,,,
,,,,,,,,,,,,,,,,
,,,,,,,,,,,,,,,,
,,,,,,,,,,,,,,,,
,,,,,,,,,,,,,,,,
,,,,,,,,,,,,,,,,
,,,,,,,,,,,,,,,,
,,,,,,,,,,,,,,,,
,,,,,,,,,,,,,,,,
,,,,,,,,,,,,,,,,
,,,,,,,,,,,,,,,,
,,,,,,,,,,,,,,,,
,,,,,,,,,,,,,,,,
,,,,,,,,,,,,,,,,
,,,,,,,,,,,,,,,,
,,,,,,,,,,,,,,,,
,,,,,,,,,,,,,,,,
,,,,,,,,,,,,,,,,
,,,,,,,,,,,,,,,,
,,,,,,,,,,,,,,,,
,,,,,,,,,,,,,,,,
,,,,,,,,,,,,,,,,
,,,,,,,,,,,,,,,,
,,,,,,,,,,,,,,,,
,,,,,,,,,,,,,,,,
,,,,,,,,,,,,,,,,
,,,,,,,,,,,,,,,,
,,,,,,,,,,,,,,,,
,,,,,,,,,,,,,,,,
,,,,,,,,,,,,,,,,
Tomorrow \n#contenavintage\nin #CONTENASTOREOSAKA\n#NIKE\n#NAUTICA #kostasmurkudis\n#commedesgarconshomme https://t.co/XU0I1VCLNY,CONTENAVINTAGE,å¤§é˜ªå¸‚ä¸­å¤®åŒºè¥¿å¿ƒæ–æ©‹1-9-21 3F,False,3118.0,1213.0,373.0,ja,,,,,,,,,False
,,,,,,,,,,,,,,,,
,,,,,,,,,,,,,,,,
,,,,,,,,,,,,,,,,
,,,,,,,,,,,,,,,,
,,,,,,,,,,,,,,,,
,,,,,,,,,,,,,,,,
,,,,,,,,,,,,,,,,
,,,,,,,,,,,,,,,,
,,,,,,,,,,,,,,,,
,,,,,,,,,,,,,,,,
,,,,,,,,,,,,,,,,
,,,,,,,,,,,,,,,,
,,,,,,,,,,,,,,,,
,,,,,,,,,,,,,,,,
,,,,,,,,,,,,,,,,
RT @LBDirtbags: Dirtbags donâ€™t take shortcuts.\nDirtbags donâ€™t make excuses.\nDirtbags donâ€™t give up.\n\nDirtbags... Just do it.\n\n#Nike #GoBeacâ€¦,Clint Richardson,"Auburn, AL",False,5309.0,3381.0,90165.0,en,,,,,,,,98.0,False
,,,,,,,,,,,,,,,,
,,,,,,,,,,,,,,,,
,,,,,,,,,,,,,,,,
RT @hungvanngo: Reunited and it feels so good! ğŸ˜› \n@selenagomez x @puma @marikosakata @thatgirlbeverly @tombachik @marissa.marino \n#SelenaGoâ€¦,bopp Ë¢á¶œá¶œáµ– âœŠğŸ¿,,False,173.0,171.0,3162.0,pt,,,,,,,,1487.0,False
,,,,,,,,,,,,,,,,
,,,,,,,,,,,,,,,,
,,,,,,,,,,,,,,,,
,,,,,,,,,,,,,,,,
RT @Alexa13421620: Wanna play dirty?\nRT if I can have your dick for breakfast\n #cockslap #cumwhore #trade #nike #webcammodel #creampie #hotâ€¦,Jimmyslimmy,,False,1.0,7.0,12.0,en,,,,,,,,5.0,False
,,,,,,,,,,,,,,,,
,,,,,,,,,,,,,,,,
,,,,,,,,,,,,,,,,
,,,,,,,,,,,,,,,,
,,,,,,,,,,,,,,,,
,,,,,,,,,,,,,,,,
Dwyane Wadeâ€™s only goal is to throw LeBron a lob during the All-Star game ğŸ‘€\n\n#nba #aktivler #azeaktive #azeactiveâ€¦ https://t.co/vJsGkLW5ip,Betensured,,False,8680.0,14.0,3215.0,en,,,,,,,,,False
,,,,,,,,,,,,,,,,
,,,,,,,,,,,,,,,,
,,,,,,,,,,,,,,,,
,,,,,,,,,,,,,,,,
,,,,,,,,,,,,,,,,
,,,,,,,,,,,,,,,,
,,,,,,,,,,,,,,,,
,,,,,,,,,,,,,,,,
,,,,,,,,,,,,,,,,
,,,,,,,,,,,,,,,,
,,,,,,,,,,,,,,,,
,,,,,,,,,,,,,,,,
,,,,,,,,,,,,,,,,
,,,,,,,,,,,,,,,,
,,,,,,,,,,,,,,,,
,,,,,,,,,,,,,,,,
,,,,,,,,,,,,,,,,
,,,,,,,,,,,,,,,,
,,,,,,,,,,,,,,,,
,,,,,,,,,,,,,,,,
,,,,,,,,,,,,,,,,
"RT @perlengkin45: Hurry up baby my pussy very wet, I need your cock in my pussy now! do #RT ğŸ‘ğŸ’¦ğŸ†\n\n#tits #cock #bbc #cumtribute #nude #dm #hoâ€¦",Steven Kb,,False,248.0,3956.0,2462.0,de,,,,,,,,43.0,False
,,,,,,,,,,,,,,,,
,,,,,,,,,,,,,,,,
,,,,,,,,,,,,,,,,
,,,,,,,,,,,,,,,,
,,,,,,,,,,,,,,,,
,,,,,,,,,,,,,,,,
,,,,,,,,,,,,,,,,
,,,,,,,,,,,,,,,,
,,,,,,,,,,,,,,,,
,,,,,,,,,,,,,,,,
,,,,,,,,,,,,,,,,
,,,,,,,,,,,,,,,,
,,,,,,,,,,,,,,,,
,,,,,,,,,,,,,,,,
,,,,,,,,,,,,,,,,
,,,,,,,,,,,,,,,,
,,,,,,,,,,,,,,,,
,,,,,,,,,,,,,,,,
,,,,,,,,,,,,,,,,
,,,,,,,,,,,,,,,,
,,,,,,,,,,,,,,,,
,,,,,,,,,,,,,,,,
,,,,,,,,,,,,,,,,
,,,,,,,,,,,,,,,,
,,,,,,,,,,,,,,,,
,,,,,,,,,,,,,,,,
,,,,,,,,,,,,,,,,
"RT @perlengkin45: Hurry up baby my pussy very wet, I need your cock in my pussy now! do #RT ğŸ‘ğŸ’¦ğŸ†\n\n#tits #cock #bbc #cumtribute #nude #dm #hoâ€¦",lewis remilton,Brasil,False,522.0,1823.0,4729.0,pt,,,,,,,,44.0,False
,,,,,,,,,,,,,,,,
,,,,,,,,,,,,,,,,
,,,,,,,,,,,,,,,,
,,,,,,,,,,,,,,,,
,,,,,,,,,,,,,,,,
,,,,,,,,,,,,,,,,
,,,,,,,,,,,,,,,,
,,,,,,,,,,,,,,,,
,,,,,,,,,,,,,,,,
,,,,,,,,,,,,,,,,
,,,,,,,,,,,,,,,,
,,,,,,,,,,,,,,,,
,,,,,,,,,,,,,,,,
,,,,,,,,,,,,,,,,
,,,,,,,,,,,,,,,,
,,,,,,,,,,,,,,,,
,,,,,,,,,,,,,,,,
,,,,,,,,,,,,,,,,
,,,,,,,,,,,,,,,,
,,,,,,,,,,,,,,,,
,,,,,,,,,,,,,,,,
,,,,,,,,,,,,,,,,
,,,,,,,,,,,,,,,,
,,,,,,,,,,,,,,,,
,,,,,,,,,,,,,,,,
,,,,,,,,,,,,,,,,
,,,,,,,,,,,,,,,,
Sumerge tus pies en una comodidad absoluta con las #Skechers Delson - Brant https://t.co/Qc9ECFdbJZ para hombres.â€¦ https://t.co/LKIw1UdNnN,SKECHERS CHILE,Chile,False,11835.0,6191.0,11936.0,es,,,,,,,,,False
,,,,,,,,,,,,,,,,
,,,,,,,,,,,,,,,,
,,,,,,,,,,,,,,,,
"#promoÃ§Ã£o #oferta  [Marketplace] Camisa Puma ItÃ¡lia Home 2018 - Azul - R$ 123,40  #puma #esporte https://t.co/g3d9zOTxdm",Promobit,Brasil,False,15649.0,55.0,216137.0,pt,,,,,,,,,False
,,,,,,,,,,,,,,,,
,,,,,,,,,,,,,,,,
,,,,,,,,,,,,,,,,
"ğŸ’£ Nike M Po FLC Tm Club19, Felpa Uomo, Charcoal Heathr/Anthracite (White), L\nğŸ”— https://t.co/pLgEY8xSEg\n\nğŸ’° â‚¬32,00 inâ€¦ https://t.co/trqIZZoEAb",Robo.Deals,,False,388.0,60.0,1805.0,it,,,,,,,,,False
,,,,,,,,,,,,,,,,
,,,,,,,,,,,,,,,,
,,,,,,,,,,,,,,,,
,,,,,,,,,,,,,,,,
,,,,,,,,,,,,,,,,
ğŸ‘ŸPUMAÃ—è¶…ã‚µãƒƒã‚«ãƒ¼âš½ï¸ \nğŸInstagram ãƒ—ãƒ¬ã‚¼ãƒ³ãƒˆã‚­ãƒ£ãƒ³ãƒšãƒ¼ãƒ³ğŸå®Ÿæ–½ä¸­ï¼ \nãƒãƒ«ã‚µã®ã‚¹ã‚¢ãƒ¬ã‚¹é¸æ‰‹ã‚‚å±¥ã \nã€ŒPUMA FUTURE 19.1 NETFIT HGã€ ã‚’æŠ½é¸ã§1åæ§˜ã«ãƒ—ãƒ¬ã‚¼ãƒ³ãƒˆ\n\nğŸ è©³ã—ãã¯ã“ã¡ã‚‰â€¦ https://t.co/CgDOwKXQc2,è¶…ãƒ¯ãƒ¼ãƒ«ãƒ‰ã‚µãƒƒã‚«ãƒ¼,æ±äº¬/JAPAN,False,47320.0,27230.0,114316.0,ja,,,,,,,,,False
,,,,,,,,,,,,,,,,
,,,,,,,,,,,,,,,,
,,,,,,,,,,,,,,,,
,,,,,,,,,,,,,,,,
,,,,,,,,,,,,,,,,
,,,,,,,,,,,,,,,,
,,,,,,,,,,,,,,,,
RT @pQEepilrn85Lg1x: ZOZOTOWNå‰æ¾¤ç¤¾é•·ã«ä¾¿ä¹—\n\nå‚åŠ æ–¹æ³•RT&ãƒ•ã‚©ãƒ­ãƒ¼\n\nğŸ’°200å††\nğŸ’°1åƒå††\nğŸ’°5åƒå††\nğŸ’°1ä¸‡å††\nğŸ’°10ä¸‡å††\nğŸ’°50ä¸‡å††\nğŸ’°100ä¸‡å††\n\nã‚’ã€100åæ§˜ã€‘ã«\n\nä¸Šè¨˜ã®é‡‘é¡åˆ†ã®ãŠå¥½ããªç‰©ã€\nã¾ãŸã¯ã€ç¾é‡‘ã¨ã—ã¦ãƒ—ãƒ¬ã‚¼ãƒ³ãƒˆğŸå¸Œæœ›ã¯ãƒªãƒ—\n5â€¦,ãŠã«ãã‚Š,,False,149.0,311.0,22.0,ja,,,,,,,,355.0,False
,,,,,,,,,,,,,,,,
,,,,,,,,,,,,,,,,
,,,,,,,,,,,,,,,,
,,,,,,,,,,,,,,,,
,,,,,,,,,,,,,,,,
,,,,,,,,,,,,,,,,
,,,,,,,,,,,,,,,,
,,,,,,,,,,,,,,,,
,,,,,,,,,,,,,,,,
,,,,,,,,,,,,,,,,
,,,,,,,,,,,,,,,,
,,,,,,,,,,,,,,,,
,,,,,,,,,,,,,,,,
,,,,,,,,,,,,,,,,
,,,,,,,,,,,,,,,,
LAST DAY TO PREORDER ALL STAR 9\nSERIOUS BUYERS CONTACT DAVE â˜ï¸ (678)830-6690\n#Dtroyt_Dave #PreorderPLUG #Preorderâ€¦ https://t.co/vMPbwekX2H,PREORDERğŸ”Œ,,False,138.0,95.0,3026.0,en,,,,,,,,,False
,,,,,,,,,,,,,,,,
,,,,,,,,,,,,,,,,
,,,,,,,,,,,,,,,,
,,,,,,,,,,,,,,,,
,,,,,,,,,,,,,,,,
,,,,,,,,,,,,,,,,
,,,,,,,,,,,,,,,,
,,,,,,,,,,,,,,,,
,,,,,,,,,,,,,,,,
Nike x Patta NRG Coach Jacket available now online at Bodega - https://t.co/mdt84YxNpq #nike #patta #bodega https://t.co/W27Xnin3CH,BODEGA,,True,152813.0,0.0,23560.0,en,,,,,,,,,False
,,,,,,,,,,,,,,,,
,,,,,,,,,,,,,,,,
,,,,,,,,,,,,,,,,
,,,,,,,,,,,,,,,,
,,,,,,,,,,,,,,,,
,,,,,,,,,,,,,,,,
,,,,,,,,,,,,,,,,
,,,,,,,,,,,,,,,,
,,,,,,,,,,,,,,,,
,,,,,,,,,,,,,,,,
,,,,,,,,,,,,,,,,
RT @soyflormart: Me gustan para el uniforme de educaciÃ³n fÃ­sica de mi hija https://t.co/X8lq6Gqsky,Rodolfo JardÃ³n,"Buenos Aires, Argentina",False,8549.0,8057.0,372821.0,es,,,,,,,,1.0,False
,,,,,,,,,,,,,,,,
,,,,,,,,,,,,,,,,
,,,,,,,,,,,,,,,,
RT @larlakechi58: #Retweet and like to see more!ğŸ’•ğŸ˜ˆ\n\n#tits #cock #bbc #cumtribute #nude #dm #horny #teen #nike #cumslut #cock #cum #cockslutâ€¦,brs sadece aktif 3.olur Ã§iftlere,,False,135.0,989.0,1234.0,en,,,,,,,,31.0,False
,,,,,,,,,,,,,,,,
,,,,,,,,,,,,,,,,
,,,,,,,,,,,,,,,,
,,,,,,,,,,,,,,,,
,,,,,,,,,,,,,,,,
,,,,,,,,,,,,,,,,
,,,,,,,,,,,,,,,,
,,,,,,,,,,,,,,,,
,,,,,,,,,,,,,,,,
,,,,,,,,,,,,,,,,
,,,,,,,,,,,,,,,,
,,,,,,,,,,,,,,,,
,,,,,,,,,,,,,,,,
,,,,,,,,,,,,,,,,
,,,,,,,,,,,,,,,,
,,,,,,,,,,,,,,,,
,,,,,,,,,,,,,,,,
,,,,,,,,,,,,,,,,
,,,,,,,,,,,,,,,,
,,,,,,,,,,,,,,,,
,,,,,,,,,,,,,,,,
,,,,,,,,,,,,,,,,
,,,,,,,,,,,,,,,,
,,,,,,,,,,,,,,,,
,,,,,,,,,,,,,,,,
,,,,,,,,,,,,,,,,
,,,,,,,,,,,,,,,,
,,,,,,,,,,,,,,,,
,,,,,,,,,,,,,,,,
,,,,,,,,,,,,,,,,
Grit Cardio i morse. Fy fan...det Ã¤r tunga 30 min kl. 07.30 det...\nğŸ”¥âš”ï¸â˜ ï¸ğŸ¤˜ğŸ»ğŸ˜µâ˜ ï¸âš”ï¸ğŸ”¥\n#31 #running #lÃ¶pning #laufenâ€¦ https://t.co/jGs56gpaKc,Dan Enqvist,"Karlstad, Sverige",False,325.0,804.0,4747.0,en,59.3804,13.5042,13.5042,59.3804,Karlstad,"Karlstad, Sverige",Sweden,,False
,,,,,,,,,,,,,,,,
,,,,,,,,,,,,,,,,
,,,,,,,,,,,,,,,,
,,,,,,,,,,,,,,,,
,,,,,,,,,,,,,,,,
,,,,,,,,,,,,,,,,
,,,,,,,,,,,,,,,,
,,,,,,,,,,,,,,,,
#Nike you know what to do for next season ğŸ˜ğŸ‘ŒğŸ¾ğŸ‘ğŸ¾ğŸ’ªğŸ¾ğŸ‘ŠğŸ¾#COYS https://t.co/iIS6ZZwo4x,Trevor David Cane,London W10,False,630.0,612.0,5049.0,en,,,,,,,,,False
,,,,,,,,,,,,,,,,
,,,,,,,,,,,,,,,,
,,,,,,,,,,,,,,,,
La marque sportswear #Puma s'associe avec le gÃ©ant de la beautÃ© Maybelline pour une collection hyper exclusive.â€¦ https://t.co/kLYMUEdMSa,WellandFit Nancy,"Nancy, France",False,25.0,15.0,104.0,fr,,,,,,,,,False
,,,,,,,,,,,,,,,,
,,,,,,,,,,,,,,,,
,,,,,,,,,,,,,,,,
"2 ×—×œ×§×™× ××ª×•×š 3 ×‘×˜×¨×§ ×—×–×”!!!\nGroup Power, chest track!\n×”×’×™×¢ ×”×–××Ÿ ×œ×©×“×¨×’ ××ª ×¢×¦××›× ×œ×“×‘×¨ ×”×‘×... \n#×™×•×¦××™×××”×§×•×¤×¡×”â€¦ https://t.co/n2RyHqQKwL",××œ×™ ××¨×‘×™×‘,×™×©×¨××œ,False,117.0,144.0,1325.0,he,,,,,,,,,False
,,,,,,,,,,,,,,,,
,,,,,,,,,,,,,,,,
,,,,,,,,,,,,,,,,
RT @pQEepilrn85Lg1x: ZOZOTOWNå‰æ¾¤ç¤¾é•·ã«ä¾¿ä¹—\n\nå‚åŠ æ–¹æ³•RT&ãƒ•ã‚©ãƒ­ãƒ¼\n\nğŸ’°200å††\nğŸ’°1åƒå††\nğŸ’°5åƒå††\nğŸ’°1ä¸‡å††\nğŸ’°10ä¸‡å††\nğŸ’°50ä¸‡å††\nğŸ’°100ä¸‡å††\n\nã‚’ã€100åæ§˜ã€‘ã«\n\nä¸Šè¨˜ã®é‡‘é¡åˆ†ã®ãŠå¥½ããªç‰©ã€\nã¾ãŸã¯ã€ç¾é‡‘ã¨ã—ã¦ãƒ—ãƒ¬ã‚¼ãƒ³ãƒˆğŸå¸Œæœ›ã¯ãƒªãƒ—\n5â€¦,æ²–ç¸„ã§å¤§ããªã“ã¨ã—ã¾ã™ï¼ãƒ•ã‚©ãƒ­ãƒ100%,æ—¥æœ¬,False,2695.0,3001.0,13.0,ja,,,,,,,,356.0,False
,,,,,,,,,,,,,,,,
,,,,,,,,,,,,,,,,
,,,,,,,,,,,,,,,,
,,,,,,,,,,,,,,,,
,,,,,,,,,,,,,,,,
,,,,,,,,,,,,,,,,
,,,,,,,,,,,,,,,,
,,,,,,,,,,,,,,,,
,,,,,,,,,,,,,,,,
,,,,,,,,,,,,,,,,
,,,,,,,,,,,,,,,,
,,,,,,,,,,,,,,,,
,,,,,,,,,,,,,,,,
,,,,,,,,,,,,,,,,
,,,,,,,,,,,,,,,,
Happy Golfing! #Nike Golf Jacket â€“ NK Aerolayer Zip â€“ Thunder Blue SS18 https://t.co/4ACCnc6vr2,Play Golf,,False,2419.0,1849.0,265551.0,en,,,,,,,,,False
#progress #forward #nike #kaddy #smoov #ifucantswimugondrown  #wescobadiving  #drippin #saucy #sauce #401 #bucketâ€¦ https://t.co/Sq1PSU8tax,kaddysmoov,Ocean State ,False,222.0,358.0,1568.0,en,,,,,,,,,False
,,,,,,,,,,,,,,,,
,,,,,,,,,,,,,,,,
,,,,,,,,,,,,,,,,
,,,,,,,,,,,,,,,,
,,,,,,,,,,,,,,,,
,,,,,,,,,,,,,,,,
,,,,,,,,,,,,,,,,
,,,,,,,,,,,,,,,,
,,,,,,,,,,,,,,,,
,,,,,,,,,,,,,,,,
,,,,,,,,,,,,,,,,
,,,,,,,,,,,,,,,,
,,,,,,,,,,,,,,,,
,,,,,,,,,,,,,,,,
,,,,,,,,,,,,,,,,
,,,,,,,,,,,,,,,,
,,,,,,,,,,,,,,,,
RT @rainbowsuz: Check out #SKECHERS #SHOES FOR MEN Black LEATHER 10.5 RELAXED STEP MEMORY FOAM https://t.co/V6deiqauNw â¦@eBayâ©,Jersey Girl Store,New Jersey,False,33318.0,27338.0,223696.0,en,,,,,,,,2.0,False
,,,,,,,,,,,,,,,,
RT @pQEepilrn85Lg1x: ã¾ã è±ªè¯ã«ã‚„ã‚‹ã®ã§ä»Šã®ã†ã¡ã«å‚åŠ ã—ã¦ãã ã•ã„ï¼ https://t.co/T7ZF5etGja,æ²–ç¸„ã§å¤§ããªã“ã¨ã—ã¾ã™ï¼ãƒ•ã‚©ãƒ­ãƒ100%,æ—¥æœ¬,False,2695.0,3001.0,15.0,ja,,,,,,,,35.0,False
,,,,,,,,,,,,,,,,
,,,,,,,,,,,,,,,,
,,,,,,,,,,,,,,,,
,,,,,,,,,,,,,,,,
,,,,,,,,,,,,,,,,
,,,,,,,,,,,,,,,,
,,,,,,,,,,,,,,,,
,,,,,,,,,,,,,,,,
,,,,,,,,,,,,,,,,
,,,,,,,,,,,,,,,,
,,,,,,,,,,,,,,,,
,,,,,,,,,,,,,,,,
,,,,,,,,,,,,,,,,
,,,,,,,,,,,,,,,,
,,,,,,,,,,,,,,,,
ã“ã‚Œã€ãƒ¤ãƒãªã„ï¼Ÿ\n#nike#airmax97#shoes#l4l#tfler#instafashion#instagood#ä¸€ç›®æƒšã‚Œ#ã„ã„ã­è¿”ã— https://t.co/NVWLKSj0MC,è”¦æ¾¤ æ™ºå®,,False,838.0,595.0,1451.0,en,,,,,,,,,False
RT @sneaker_wars: ã€å›½å†…2æœˆ9æ—¥ç™ºå£²äºˆå®šã€‘ ã‚ªãƒ•ãƒ›ãƒ¯ã‚¤ãƒˆ Ã— ãƒŠã‚¤ã‚­ ã‚¨ã‚¢ãƒãƒƒã‚¯ã‚¹90 ãƒ–ãƒ©ãƒƒã‚¯/ã‚³ãƒ¼ãƒ³-ãƒ›ãƒ¯ã‚¤ãƒˆ-ãƒ–ãƒ©ãƒƒã‚¯(AA7293-001)\nâ‡’https://t.co/PE9eDKLBua\n#sneakerwars #ã‚¹ãƒ‹ãƒ¼ã‚«ãƒ¼ #NIKE httpâ€¦,â˜¼+:;;;;:IZUMIâ˜¼+:;;;;:,,False,326.0,873.0,30403.0,ja,,,,,,,,508.0,False
,,,,,,,,,,,,,,,,
,,,,,,,,,,,,,,,,
,,,,,,,,,,,,,,,,
,,,,,,,,,,,,,,,,
,,,,,,,,,,,,,,,,
,,,,,,,,,,,,,,,,
,,,,,,,,,,,,,,,,
#CHANEL #NIKE #ã‚·ãƒ£ãƒãƒ«ãƒŠã‚¤ã‚­ #ãƒŠã‚¤ã‚­ã‚·ãƒ£ãƒãƒ« #æ‹¡æ•£ #ã‚³ãƒ¼ãƒ‡ #ãƒ•ã‚¡ãƒƒã‚·ãƒ§ãƒ³ ã‚·ãƒ£ãƒãƒ« è²©å£²ã‚µã‚¤ãƒˆï¼šhttps://t.co/9Ay5BYOX8Câ€¦ https://t.co/QELEYYKeE1,ä¸–ç•Œå ‚,Hong Kong,False,18.0,30.0,3937.0,ja,,,,,,,,,False
,,,,,,,,,,,,,,,,
,,,,,,,,,,,,,,,,
,,,,,,,,,,,,,,,,
,,,,,,,,,,,,,,,,
,,,,,,,,,,,,,,,,
,,,,,,,,,,,,,,,,
,,,,,,,,,,,,,,,,
,,,,,,,,,,,,,,,,
,,,,,,,,,,,,,,,,
,,,,,,,,,,,,,,,,
,,,,,,,,,,,,,,,,
#Retweet and like to see more!ğŸ’•ğŸ˜ˆ\nCan anyone love me?\n\n#tits #cock #bbc #cumtribute #nude #dm #horny #teen #nikeâ€¦ https://t.co/mVsIUW2JCM,Sheri Steele ğŸ’‹,Aurora,False,2277.0,1584.0,209.0,en,,,,,,,,,False
,,,,,,,,,,,,,,,,
,,,,,,,,,,,,,,,,
,,,,,,,,,,,,,,,,
,,,,,,,,,,,,,,,,
,,,,,,,,,,,,,,,,
,,,,,,,,,,,,,,,,
,,,,,,,,,,,,,,,,
,,,,,,,,,,,,,,,,
,,,,,,,,,,,,,,,,
,,,,,,,,,,,,,,,,
,,,,,,,,,,,,,,,,
,,,,,,,,,,,,,,,,
,,,,,,,,,,,,,,,,
,,,,,,,,,,,,,,,,
,,,,,,,,,,,,,,,,
,,,,,,,,,,,,,,,,
,,,,,,,,,,,,,,,,
,,,,,,,,,,,,,,,,
,,,,,,,,,,,,,,,,
,,,,,,,,,,,,,,,,
,,,,,,,,,,,,,,,,
,,,,,,,,,,,,,,,,
,,,,,,,,,,,,,,,,
,,,,,,,,,,,,,,,,
,,,,,,,,,,,,,,,,
,,,,,,,,,,,,,,,,
,,,,,,,,,,,,,,,,
,,,,,,,,,,,,,,,,
,,,,,,,,,,,,,,,,
RT @snkrdunk: ã€ğŸ”¥2/9ç™ºå£²ã€‘\nOFF-WHITE Ã— NIKEã€ŒAIR MAX 90 DESERT OREã€ãŒç™ºå£²ï¼\nğŸ“±https://t.co/JsOgjyNzyL\nğŸ“Œã‚ªãƒ³ãƒ©ã‚¤ãƒ³\nãƒ»SNKRS 10:00ã€œ\nãƒ»DSMG 11:00ã€œ\nãƒ»atmos 9:00ã€œæŠ½â€¦,ã‚Šã‚‡ã†ã“ã¦ãƒãƒ¼,é•·é‡ ä¸Šç”°å¸‚,False,106.0,126.0,2303.0,en,,,,,,,,7.0,False
,,,,,,,,,,,,,,,,
,,,,,,,,,,,,,,,,
,,,,,,,,,,,,,,,,
,,,,,,,,,,,,,,,,
,,,,,,,,,,,,,,,,
,,,,,,,,,,,,,,,,
,,,,,,,,,,,,,,,,
,,,,,,,,,,,,,,,,
,,,,,,,,,,,,,,,,
,,,,,,,,,,,,,,,,
,,,,,,,,,,,,,,,,
,,,,,,,,,,,,,,,,
,,,,,,,,,,,,,,,,
,,,,,,,,,,,,,,,,
,,,,,,,,,,,,,,,,
Adidas à¸‚à¸­à¸‡à¹à¸—à¹‰à¸ªà¹ˆà¸‡à¸•à¹ˆà¸­ 380 à¹€à¸—à¹ˆà¸²à¸™à¸±à¹‰à¸™ à¹€à¸­à¸§freesize  26-44  à¸‚à¸­à¸”à¸¹à¸£à¸¹à¸›à¹€à¸à¸´à¹ˆà¸¡à¹€à¸•à¸´à¸¡à¹„à¸”à¹‰à¸ˆà¹‰à¸²à¸²à¸²ğŸ’•âš ï¸à¸¥à¸—à¸š 30 ems 50âš ï¸\n#à¸ªà¹ˆà¸‡à¸•à¹ˆà¸­à¹€à¸ªà¸·à¹‰à¸­à¸œà¹‰à¸²â€¦ https://t.co/qayyGfsdPi,à¹à¸­à¸„à¸™à¸µà¹‰à¸¡à¸µà¹„à¸§à¹‰à¸‚à¸²à¸¢à¸‚à¸­à¸‡ ğŸ˜‹ğŸ’“,,False,27.0,48.0,395.0,en,,,,,,,,,False
,,,,,,,,,,,,,,,,
,,,,,,,,,,,,,,,,
,,,,,,,,,,,,,,,,
,,,,,,,,,,,,,,,,
,,,,,,,,,,,,,,,,
,,,,,,,,,,,,,,,,
,,,,,,,,,,,,,,,,
,,,,,,,,,,,,,,,,
Donâ€™t believe you have to be like anybody to be somebody.\n#Nike https://t.co/a8SfpVuCvf,â—Matteo.Sarra.21â—,,False,8.0,61.0,5.0,en,,,,,,,,,False
,,,,,,,,,,,,,,,,
,,,,,,,,,,,,,,,,
,,,,,,,,,,,,,,,,
RT @pQEepilrn85Lg1x: ZOZOTOWNå‰æ¾¤ç¤¾é•·ã«ä¾¿ä¹—\n\nå‚åŠ æ–¹æ³•RT&ãƒ•ã‚©ãƒ­ãƒ¼\n\nğŸ’°200å††\nğŸ’°1åƒå††\nğŸ’°5åƒå††\nğŸ’°1ä¸‡å††\nğŸ’°10ä¸‡å††\nğŸ’°50ä¸‡å††\nğŸ’°100ä¸‡å††\n\nã‚’ã€100åæ§˜ã€‘ã«\n\nä¸Šè¨˜ã®é‡‘é¡åˆ†ã®ãŠå¥½ããªç‰©ã€\nã¾ãŸã¯ã€ç¾é‡‘ã¨ã—ã¦ãƒ—ãƒ¬ã‚¼ãƒ³ãƒˆğŸå¸Œæœ›ã¯ãƒªãƒ—\n5â€¦,thc,Japan,False,125.0,1158.0,18.0,en,,,,,,,,358.0,False
,,,,,,,,,,,,,,,,
,,,,,,,,,,,,,,,,
,,,,,,,,,,,,,,,,
,,,,,,,,,,,,,,,,
,,,,,,,,,,,,,,,,
,,,,,,,,,,,,,,,,
,,,,,,,,,,,,,,,,
,,,,,,,,,,,,,,,,
,,,,,,,,,,,,,,,,
,,,,,,,,,,,,,,,,
,,,,,,,,,,,,,,,,
,,,,,,,,,,,,,,,,
,,,,,,,,,,,,,,,,
,,,,,,,,,,,,,,,,
,,,,,,,,,,,,,,,,
RT @pQEepilrn85Lg1x: ZOZOTOWNå‰æ¾¤ç¤¾é•·ã«ä¾¿ä¹—\n\nå‚åŠ æ–¹æ³•RT&ãƒ•ã‚©ãƒ­ãƒ¼\n\nğŸ’°200å††\nğŸ’°1åƒå††\nğŸ’°5åƒå††\nğŸ’°1ä¸‡å††\nğŸ’°10ä¸‡å††\nğŸ’°50ä¸‡å††\nğŸ’°100ä¸‡å††\n\nã‚’ã€100åæ§˜ã€‘ã«\n\nä¸Šè¨˜ã®é‡‘é¡åˆ†ã®ãŠå¥½ããªç‰©ã€\nã¾ãŸã¯ã€ç¾é‡‘ã¨ã—ã¦ãƒ—ãƒ¬ã‚¼ãƒ³ãƒˆğŸå¸Œæœ›ã¯ãƒªãƒ—\n5â€¦,æ¡å±± ã¾ã—ã‚…,é›°å›²æ°—è©æ¬ºğŸ˜‰,False,45.0,58.0,234.0,en,,,,,,,,359.0,False
,,,,,,,,,,,,,,,,
,,,,,,,,,,,,,,,,
,,,,,,,,,,,,,,,,
,,,,,,,,,,,,,,,,
,,,,,,,,,,,,,,,,
,,,,,,,,,,,,,,,,
,,,,,,,,,,,,,,,,
,,,,,,,,,,,,,,,,
,,,,,,,,,,,,,,,,
,,,,,,,,,,,,,,,,
,,,,,,,,,,,,,,,,
,,,,,,,,,,,,,,,,
,,,,,,,,,,,,,,,,
,,,,,,,,,,,,,,,,
,,,,,,,,,,,,,,,,
"On Saturday, Feb 23, @EverythingQuip HC Mike Warfield will be speaking at the 57th Annual #Pittsburgh #Nikeâ€¦ https://t.co/HHs7l0C5B1",PghCOTYClinic,"Pittsburgh, PA",False,231.0,334.0,408.0,en,,,,,,,,,False
,,,,,,,,,,,,,,,,
,,,,,,,,,,,,,,,,
,,,,,,,,,,,,,,,,
,,,,,,,,,,,,,,,,
#Retweet and like to see more!ğŸ’•ğŸ˜ˆ\nCan anyone love me?\n\n#tits #cock #bbc #cumtribute #nude #dm #horny #teen #nikeâ€¦ https://t.co/7KXnPvz6wk,Sheri Steele ğŸ’‹,Aurora,False,2278.0,1584.0,210.0,en,,,,,,,,,False
,,,,,,,,,,,,,,,,
,,,,,,,,,,,,,,,,
,,,,,,,,,,,,,,,,
,,,,,,,,,,,,,,,,
,,,,,,,,,,,,,,,,
,,,,,,,,,,,,,,,,
,,,,,,,,,,,,,,,,
,,,,,,,,,,,,,,,,
,,,,,,,,,,,,,,,,
,,,,,,,,,,,,,,,,
,,,,,,,,,,,,,,,,
,,,,,,,,,,,,,,,,
,,,,,,,,,,,,,,,,
,,,,,,,,,,,,,,,,
,,,,,,,,,,,,,,,,
,,,,,,,,,,,,,,,,
,,,,,,,,,,,,,,,,
,,,,,,,,,,,,,,,,
,,,,,,,,,,,,,,,,
,,,,,,,,,,,,,,,,
,,,,,,,,,,,,,,,,
,,,,,,,,,,,,,,,,
,,,,,,,,,,,,,,,,
,,,,,,,,,,,,,,,,
,,,,,,,,,,,,,,,,
,,,,,,,,,,,,,,,,
,,,,,,,,,,,,,,,,
,,,,,,,,,,,,,,,,
,,,,,,,,,,,,,,,,
RT @larlakechi58: #Retweet and like to see more!ğŸ’•ğŸ˜ˆ\n\n#tits #cock #bbc #cumtribute #nude #dm #horny #teen #nike #cumslut #cock #cum #cockslutâ€¦,VÃ­ktor (+18),,False,554.0,4995.0,3759.0,es,,,,,,,,32.0,False
,,,,,,,,,,,,,,,,
,,,,,,,,,,,,,,,,
,,,,,,,,,,,,,,,,
,,,,,,,,,,,,,,,,
,,,,,,,,,,,,,,,,
,,,,,,,,,,,,,,,,
,,,,,,,,,,,,,,,,
,,,,,,,,,,,,,,,,
,,,,,,,,,,,,,,,,
,,,,,,,,,,,,,,,,
,,,,,,,,,,,,,,,,
,,,,,,,,,,,,,,,,
,,,,,,,,,,,,,,,,
,,,,,,,,,,,,,,,,
,,,,,,,,,,,,,,,,
,,,,,,,,,,,,,,,,
,,,,,,,,,,,,,,,,
,,,,,,,,,,,,,,,,
,,,,,,,,,,,,,,,,
,,,,,,,,,,,,,,,,
,,,,,,,,,,,,,,,,
,,,,,,,,,,,,,,,,
,,,,,,,,,,,,,,,,
,,,,,,,,,,,,,,,,
,,,,,,,,,,,,,,,,
,,,,,,,,,,,,,,,,
,,,,,,,,,,,,,,,,
,,,,,,,,,,,,,,,,
,,,,,,,,,,,,,,,,
,,,,,,,,,,,,,,,,
"{#TheZhirtà¸à¸£à¸µà¸­à¸­à¹€à¸”à¸­à¸£à¹Œ}\nSaleâ—ï¸\nFear Of God x Nike Sky Loan 2\nSize 25-28 cm\nPrice 5,890.- Free Shipping\n(From 7,590.-)â€¦ https://t.co/R0apDgQEoq",TheZhirt.Shop à¸à¸£à¸µà¸­à¸­à¹€à¸”à¸­à¸£à¹Œ ğŸ‡°ğŸ‡· à¸›à¸´à¸”à¸£à¸­à¸šà¸—à¸¸à¸à¸ªà¸±à¸›à¸”à¸²à¸«à¹Œ,à¸¡à¸µà¸™à¸šà¸¸à¸£à¸µ,False,862.0,263.0,4426.0,en,,,,,,,,,False
,,,,,,,,,,,,,,,,
,,,,,,,,,,,,,,,,
,,,,,,,,,,,,,,,,
,,,,,,,,,,,,,,,,
,,,,,,,,,,,,,,,,
,,,,,,,,,,,,,,,,
,,,,,,,,,,,,,,,,
Now online available! https://t.co/hckQVpFrea #Sneakerbaas #BaasbovenBaas #Nike #AirMax1 #LeopardPack https://t.co/qva5vU5IvZ,Sneakerbaas,Utrecht - 030,False,5813.0,0.0,18715.0,en,,,,,,,,,False
,,,,,,,,,,,,,,,,
,,,,,,,,,,,,,,,,
,,,,,,,,,,,,,,,,
,,,,,,,,,,,,,,,,
,,,,,,,,,,,,,,,,
,,,,,,,,,,,,,,,,
,,,,,,,,,,,,,,,,
RT @ofelshiba41: ARE YOU HORNY? ğŸ’¦ğŸ’¦ #RT for moreğŸ’–\n\n#tits #cock #bbc #cumtribute #nude #dm #horny #teen #nike #cumslut #cock #cum #cockslut #â€¦,dc,,False,0.0,24.0,327.0,id,,,,,,,,473.0,False
,,,,,,,,,,,,,,,,
,,,,,,,,,,,,,,,,
,,,,,,,,,,,,,,,,
,,,,,,,,,,,,,,,,
,,,,,,,,,,,,,,,,
,,,,,,,,,,,,,,,,
,,,,,,,,,,,,,,,,
,,,,,,,,,,,,,,,,
,,,,,,,,,,,,,,,,
,,,,,,,,,,,,,,,,
,,,,,,,,,,,,,,,,
,,,,,,,,,,,,,,,,
,,,,,,,,,,,,,,,,
,,,,,,,,,,,,,,,,
,,,,,,,,,,,,,,,,
,,,,,,,,,,,,,,,,
,,,,,,,,,,,,,,,,
,,,,,,,,,,,,,,,,
,,,,,,,,,,,,,,,,
,,,,,,,,,,,,,,,,
,,,,,,,,,,,,,,,,
,,,,,,,,,,,,,,,,
,,,,,,,,,,,,,,,,
,,,,,,,,,,,,,,,,
,,,,,,,,,,,,,,,,
,,,,,,,,,,,,,,,,
,,,,,,,,,,,,,,,,
,,,,,,,,,,,,,,,,
,,,,,,,,,,,,,,,,
,,,,,,,,,,,,,,,,
RT @pQEepilrn85Lg1x: RTå¤–ã—ã¦å†åº¦RT ã§å½“é¸ç‡ã‚¢ãƒƒãƒ—ã—ã¾ã™ï¼ https://t.co/T7ZF5etGja,loto@6/14ä¼‘ã¿ç¢ºä¿,æ—¥æœ¬ ,False,56.0,226.0,1636.0,ja,,,,,,,,27.0,False
,,,,,,,,,,,,,,,,
,,,,,,,,,,,,,,,,
,,,,,,,,,,,,,,,,
,,,,,,,,,,,,,,,,
,,,,,,,,,,,,,,,,
,,,,,,,,,,,,,,,,
,,,,,,,,,,,,,,,,
,,,,,,,,,,,,,,,,
,,,,,,,,,,,,,,,,
,,,,,,,,,,,,,,,,
,,,,,,,,,,,,,,,,
,,,,,,,,,,,,,,,,
,,,,,,,,,,,,,,,,
,,,,,,,,,,,,,,,,
,,,,,,,,,,,,,,,,
RT @PBMSpecialties: Extraordinary signs. Extraordinary experience @badcockhome @Nike #Nike #signs https://t.co/kL81NjOZfc,Jon Arguello,Central Florida,False,471.0,123.0,17866.0,en,,,,,,,,1.0,False
,,,,,,,,,,,,,,,,
,,,,,,,,,,,,,,,,
,,,,,,,,,,,,,,,,
RT @Saintetixx: â–ªï¸Olympique de Marseille x Puma - 19/20 Concept\n.\n#OM #Olympique #Marseille #Puma https://t.co/NyaF9bhPPR,Saintetixx,"Meaux, France",False,2489.0,293.0,4468.0,fr,,,,,,,,11.0,False
,,,,,,,,,,,,,,,,
,,,,,,,,,,,,,,,,
,,,,,,,,,,,,,,,,
,,,,,,,,,,,,,,,,
,,,,,,,,,,,,,,,,
,,,,,,,,,,,,,,,,
,,,,,,,,,,,,,,,,
,,,,,,,,,,,,,,,,
,,,,,,,,,,,,,,,,
,,,,,,,,,,,,,,,,
,,,,,,,,,,,,,,,,
,,,,,,,,,,,,,,,,
,,,,,,,,,,,,,,,,
,,,,,,,,,,,,,,,,
,,,,,,,,,,,,,,,,
#Retweet and like to see more!ğŸ’•ğŸ˜ˆ\nCan anyone love me?\n\n#tits #cock #bbc #cumtribute #nude #dm #horny #teen #nikeâ€¦ https://t.co/dqhuhzXdSV,Sheri Steele ğŸ’‹,Aurora,False,2278.0,1584.0,211.0,en,,,,,,,,,False
,,,,,,,,,,,,,,,,
,,,,,,,,,,,,,,,,
,,,,,,,,,,,,,,,,
,,,,,,,,,,,,,,,,
,,,,,,,,,,,,,,,,
,,,,,,,,,,,,,,,,
,,,,,,,,,,,,,,,,
,,,,,,,,,,,,,,,,
,,,,,,,,,,,,,,,,
,,,,,,,,,,,,,,,,
,,,,,,,,,,,,,,,,
,,,,,,,,,,,,,,,,
,,,,,,,,,,,,,,,,
,,,,,,,,,,,,,,,,
,,,,,,,,,,,,,,,,
,,,,,,,,,,,,,,,,
,,,,,,,,,,,,,,,,
,,,,,,,,,,,,,,,,
,,,,,,,,,,,,,,,,
,,,,,,,,,,,,,,,,
,,,,,,,,,,,,,,,,
,,,,,,,,,,,,,,,,
,,,,,,,,,,,,,,,,
,,,,,,,,,,,,,,,,
,,,,,,,,,,,,,,,,
,,,,,,,,,,,,,,,,
,,,,,,,,,,,,,,,,
,,,,,,,,,,,,,,,,
,,,,,,,,,,,,,,,,
RT @pQEepilrn85Lg1x: ZOZOTOWNå‰æ¾¤ç¤¾é•·ã«ä¾¿ä¹—\n\nå‚åŠ æ–¹æ³•RT&ãƒ•ã‚©ãƒ­ãƒ¼\n\nğŸ’°200å††\nğŸ’°1åƒå††\nğŸ’°5åƒå††\nğŸ’°1ä¸‡å††\nğŸ’°10ä¸‡å††\nğŸ’°50ä¸‡å††\nğŸ’°100ä¸‡å††\n\nã‚’ã€100åæ§˜ã€‘ã«\n\nä¸Šè¨˜ã®é‡‘é¡åˆ†ã®ãŠå¥½ããªç‰©ã€\nã¾ãŸã¯ã€ç¾é‡‘ã¨ã—ã¦ãƒ—ãƒ¬ã‚¼ãƒ³ãƒˆğŸå¸Œæœ›ã¯ãƒªãƒ—\n5â€¦,loto@6/14ä¼‘ã¿ç¢ºä¿,æ—¥æœ¬ ,False,56.0,226.0,1637.0,ja,,,,,,,,360.0,False
,,,,,,,,,,,,,,,,
,,,,,,,,,,,,,,,,
,,,,,,,,,,,,,,,,
,,,,,,,,,,,,,,,,
,,,,,,,,,,,,,,,,
,,,,,,,,,,,,,,,,
,,,,,,,,,,,,,,,,
,,,,,,,,,,,,,,,,
,,,,,,,,,,,,,,,,
,,,,,,,,,,,,,,,,
,,,,,,,,,,,,,,,,
,,,,,,,,,,,,,,,,
,,,,,,,,,,,,,,,,
,,,,,,,,,,,,,,,,
,,,,,,,,,,,,,,,,
RT @pQEepilrn85Lg1x: RTå¤–ã—ã¦å†åº¦RT ã§å½“é¸ç‡ã‚¢ãƒƒãƒ—ã—ã¾ã™ï¼ https://t.co/T7ZF5etGja,ã‚†ã†ã¾,æ—¥æœ¬ ,False,88.0,82.0,57.0,en,,,,,,,,28.0,False
,,,,,,,,,,,,,,,,
,,,,,,,,,,,,,,,,
,,,,,,,,,,,,,,,,
,,,,,,,,,,,,,,,,
,,,,,,,,,,,,,,,,
,,,,,,,,,,,,,,,,
,,,,,,,,,,,,,,,,
,,,,,,,,,,,,,,,,
,,,,,,,,,,,,,,,,
,,,,,,,,,,,,,,,,
,,,,,,,,,,,,,,,,
,,,,,,,,,,,,,,,,
,,,,,,,,,,,,,,,,
,,,,,,,,,,,,,,,,
,,,,,,,,,,,,,,,,
RT @pQEepilrn85Lg1x: ZOZOTOWNå‰æ¾¤ç¤¾é•·ã«ä¾¿ä¹—\n\nå‚åŠ æ–¹æ³•RT&ãƒ•ã‚©ãƒ­ãƒ¼\n\nğŸ’°200å††\nğŸ’°1åƒå††\nğŸ’°5åƒå††\nğŸ’°1ä¸‡å††\nğŸ’°10ä¸‡å††\nğŸ’°50ä¸‡å††\nğŸ’°100ä¸‡å††\n\nã‚’ã€100åæ§˜ã€‘ã«\n\nä¸Šè¨˜ã®é‡‘é¡åˆ†ã®ãŠå¥½ããªç‰©ã€\nã¾ãŸã¯ã€ç¾é‡‘ã¨ã—ã¦ãƒ—ãƒ¬ã‚¼ãƒ³ãƒˆğŸå¸Œæœ›ã¯ãƒªãƒ—\n5â€¦,è©æ¬ºå¸«çµ¶æ»…è­¦å‘Š,,False,11.0,12.0,7.0,ja,,,,,,,,361.0,False
,,,,,,,,,,,,,,,,
,,,,,,,,,,,,,,,,
,,,,,,,,,,,,,,,,
,,,,,,,,,,,,,,,,
,,,,,,,,,,,,,,,,
,,,,,,,,,,,,,,,,
,,,,,,,,,,,,,,,,
,,,,,,,,,,,,,,,,
,,,,,,,,,,,,,,,,
,,,,,,,,,,,,,,,,
,,,,,,,,,,,,,,,,
,,,,,,,,,,,,,,,,
,,,,,,,,,,,,,,,,
,,,,,,,,,,,,,,,,
,,,,,,,,,,,,,,,,
RT @pQEepilrn85Lg1x: RTå¤–ã—ã¦å†åº¦RT ã§å½“é¸ç‡ã‚¢ãƒƒãƒ—ã—ã¾ã™ï¼ https://t.co/T7ZF5etGja,è©æ¬ºå¸«çµ¶æ»…è­¦å‘Š,,False,11.0,13.0,8.0,ja,,,,,,,,29.0,False
,,,,,,,,,,,,,,,,
,,,,,,,,,,,,,,,,
,,,,,,,,,,,,,,,,
,,,,,,,,,,,,,,,,
,,,,,,,,,,,,,,,,
,,,,,,,,,,,,,,,,
,,,,,,,,,,,,,,,,
,,,,,,,,,,,,,,,,
,,,,,,,,,,,,,,,,
,,,,,,,,,,,,,,,,
,,,,,,,,,,,,,,,,
,,,,,,,,,,,,,,,,
,,,,,,,,,,,,,,,,
,,,,,,,,,,,,,,,,
,,,,,,,,,,,,,,,,
RT @pQEepilrn85Lg1x: ZOZOTOWNå‰æ¾¤ç¤¾é•·ã«ä¾¿ä¹—\n\nå‚åŠ æ–¹æ³•RT&ãƒ•ã‚©ãƒ­ãƒ¼\n\nğŸ’°200å††\nğŸ’°1åƒå††\nğŸ’°5åƒå††\nğŸ’°1ä¸‡å††\nğŸ’°10ä¸‡å††\nğŸ’°50ä¸‡å††\nğŸ’°100ä¸‡å††\n\nã‚’ã€100åæ§˜ã€‘ã«\n\nä¸Šè¨˜ã®é‡‘é¡åˆ†ã®ãŠå¥½ããªç‰©ã€\nã¾ãŸã¯ã€ç¾é‡‘ã¨ã—ã¦ãƒ—ãƒ¬ã‚¼ãƒ³ãƒˆğŸå¸Œæœ›ã¯ãƒªãƒ—\n5â€¦,ã‚†ã†ã¾,æ—¥æœ¬ ,False,88.0,83.0,59.0,en,,,,,,,,362.0,False
,,,,,,,,,,,,,,,,
,,,,,,,,,,,,,,,,
,,,,,,,,,,,,,,,,
,,,,,,,,,,,,,,,,
,,,,,,,,,,,,,,,,
,,,,,,,,,,,,,,,,
,,,,,,,,,,,,,,,,
,,,,,,,,,,,,,,,,
,,,,,,,,,,,,,,,,
,,,,,,,,,,,,,,,,
,,,,,,,,,,,,,,,,
,,,,,,,,,,,,,,,,
,,,,,,,,,,,,,,,,
,,,,,,,,,,,,,,,,
,,,,,,,,,,,,,,,,
ã¨ã¦ã‚‚ã„ã„(*^^*)\n#NIKE#Jordan1 https://t.co/axKmnj9jKO,Kazu æ±åŒ—å‹¢,,False,76.0,153.0,86.0,ja,,,,,,,,,False
,,,,,,,,,,,,,,,,
,,,,,,,,,,,,,,,,
,,,,,,,,,,,,,,,,
There have been a few additions to the schedule for the #Nike #CoachOfTheYear Clinic in Pittsburgh! Take a look!â€¦ https://t.co/93vF1F4MBU,PghCOTYClinic,"Pittsburgh, PA",False,231.0,334.0,410.0,en,,,,,,,,,False
,,,,,,,,,,,,,,,,
,,,,,,,,,,,,,,,,
,,,,,,,,,,,,,,,,
,,,,,,,,,,,,,,,,
,,,,,,,,,,,,,,,,
,,,,,,,,,,,,,,,,
,,,,,,,,,,,,,,,,
,,,,,,,,,,,,,,,,
,,,,,,,,,,,,,,,,
,,,,,,,,,,,,,,,,
,,,,,,,,,,,,,,,,
,,,,,,,,,,,,,,,,
,,,,,,,,,,,,,,,,
,,,,,,,,,,,,,,,,
,,,,,,,,,,,,,,,,
#Retweet and like to see more!ğŸ’•ğŸ˜ˆ\nCan anyone love me?\n\n#tits #cock #bbc #cumtribute #nude #dm #horny #teen #nikeâ€¦ https://t.co/1F8i1rfZRQ,Sheri Steele ğŸ’‹,Aurora,False,2277.0,1584.0,212.0,en,,,,,,,,,False
,,,,,,,,,,,,,,,,
,,,,,,,,,,,,,,,,
,,,,,,,,,,,,,,,,
,,,,,,,,,,,,,,,,
,,,,,,,,,,,,,,,,
,,,,,,,,,,,,,,,,
,,,,,,,,,,,,,,,,
,,,,,,,,,,,,,,,,
,,,,,,,,,,,,,,,,
,,,,,,,,,,,,,,,,
,,,,,,,,,,,,,,,,
,,,,,,,,,,,,,,,,
,,,,,,,,,,,,,,,,
,,,,,,,,,,,,,,,,
,,,,,,,,,,,,,,,,
,,,,,,,,,,,,,,,,
,,,,,,,,,,,,,,,,
,,,,,,,,,,,,,,,,
,,,,,,,,,,,,,,,,
,,,,,,,,,,,,,,,,
,,,,,,,,,,,,,,,,
,,,,,,,,,,,,,,,,
,,,,,,,,,,,,,,,,
,,,,,,,,,,,,,,,,
,,,,,,,,,,,,,,,,
,,,,,,,,,,,,,,,,
,,,,,,,,,,,,,,,,
,,,,,,,,,,,,,,,,
,,,,,,,,,,,,,,,,
RT @sneaker_wars: ã€å›½å†…2æœˆ9æ—¥ç™ºå£²äºˆå®šã€‘ ã‚ªãƒ•ãƒ›ãƒ¯ã‚¤ãƒˆ Ã— ãƒŠã‚¤ã‚­ ã‚¨ã‚¢ãƒãƒƒã‚¯ã‚¹90 ãƒ–ãƒ©ãƒƒã‚¯/ã‚³ãƒ¼ãƒ³-ãƒ›ãƒ¯ã‚¤ãƒˆ-ãƒ–ãƒ©ãƒƒã‚¯(AA7293-001)\nâ‡’https://t.co/PE9eDKLBua\n#sneakerwars #ã‚¹ãƒ‹ãƒ¼ã‚«ãƒ¼ #NIKE httpâ€¦,junjiæ©‹éƒ½,,False,153.0,122.0,2938.0,ja,,,,,,,,510.0,False
,,,,,,,,,,,,,,,,
,,,,,,,,,,,,,,,,
,,,,,,,,,,,,,,,,
,,,,,,,,,,,,,,,,
,,,,,,,,,,,,,,,,
,,,,,,,,,,,,,,,,
,,,,,,,,,,,,,,,,
RT @dawounjin77: I am happy today when I come to the beach.\n\n#tits #cock #bbc #cumtribute #nude #dm #horny #teen #nike #cumslut #cock #cumâ€¦,shahid,,False,0.0,0.0,3.0,en,,,,,,,,5.0,False
,,,,,,,,,,,,,,,,
,,,,,,,,,,,,,,,,
,,,,,,,,,,,,,,,,
,,,,,,,,,,,,,,,,
,,,,,,,,,,,,,,,,
,,,,,,,,,,,,,,,,
,,,,,,,,,,,,,,,,
,,,,,,,,,,,,,,,,
,,,,,,,,,,,,,,,,
,,,,,,,,,,,,,,,,
,,,,,,,,,,,,,,,,
,,,,,,,,,,,,,,,,
,,,,,,,,,,,,,,,,
,,,,,,,,,,,,,,,,
,,,,,,,,,,,,,,,,
,,,,,,,,,,,,,,,,
,,,,,,,,,,,,,,,,
,,,,,,,,,,,,,,,,
,,,,,,,,,,,,,,,,
,,,,,,,,,,,,,,,,
,,,,,,,,,,,,,,,,
,,,,,,,,,,,,,,,,
,,,,,,,,,,,,,,,,
,,,,,,,,,,,,,,,,
,,,,,,,,,,,,,,,,
,,,,,,,,,,,,,,,,
,,,,,,,,,,,,,,,,
,,,,,,,,,,,,,,,,
,,,,,,,,,,,,,,,,
#Nike lanÃ§a tÃªnis com conexÃ£o Bluetooth que se adapta ao formato do pÃ© https://t.co/OtHVB3qODJ https://t.co/QNmhUe9kPy,Fabio Passos,Rio de Janeiro,False,536.0,1192.0,14701.0,pt,,,,,,,,,False
,,,,,,,,,,,,,,,,
,,,,,,,,,,,,,,,,
,,,,,,,,,,,,,,,,
RT @salehere1: ğŸ“£ Carnival Biggest Clearance Sale à¸‡à¸²à¸™à¹€à¸‹à¸¥à¸¥à¹Œà¸„à¸£à¸±à¹‰à¸‡à¹ƒà¸«à¸à¹ˆà¸•à¹‰à¸™à¸›à¸µ 2019 à¸¥à¸”à¸ªà¸¹à¸‡à¸ªà¸¸à¸”à¸–à¸¶à¸‡ 80%\nğŸ—“ à¸§à¸±à¸™à¸—à¸µà¹ˆ 8 â€“ 17 à¸.à¸.62\nğŸ•› à¹€à¸§à¸¥à¸² 10.00 â€“ 21.00 à¸™.â€¦,Pink Lemonade' ğŸ’•,"à¸à¸£à¸¸à¸‡à¹€à¸—à¸à¸¡à¸«à¸²à¸™à¸„à¸£, à¸›à¸£à¸°à¹€à¸—à¸¨à¹„à¸—à¸¢",False,17.0,374.0,403.0,th,,,,,,,,6.0,False
,,,,,,,,,,,,,,,,
,,,,,,,,,,,,,,,,
,,,,,,,,,,,,,,,,
,,,,,,,,,,,,,,,,
,,,,,,,,,,,,,,,,
,,,,,,,,,,,,,,,,
,,,,,,,,,,,,,,,,
,,,,,,,,,,,,,,,,
,,,,,,,,,,,,,,,,
,,,,,,,,,,,,,,,,
,,,,,,,,,,,,,,,,
,,,,,,,,,,,,,,,,
,,,,,,,,,,,,,,,,
,,,,,,,,,,,,,,,,
,,,,,,,,,,,,,,,,
RT @fnitudtari78: I love riding big cocks. #RTğŸ’¦ğŸ‘ğŸ”¥\n\n#tits #cock #bbc #cumtribute #nude #dm #horny #teen #nike #cumslut #cock #cum #cockslutâ€¦,ci gi,"Gubug, Indonesia",False,227.0,2229.0,9123.0,en,,,,,,,,38.0,False
,,,,,,,,,,,,,,,,
,,,,,,,,,,,,,,,,
,,,,,,,,,,,,,,,,
,,,,,,,,,,,,,,,,
,,,,,,,,,,,,,,,,
,,,,,,,,,,,,,,,,
,,,,,,,,,,,,,,,,
,,,,,,,,,,,,,,,,
,,,,,,,,,,,,,,,,
,,,,,,,,,,,,,,,,
,,,,,,,,,,,,,,,,
,,,,,,,,,,,,,,,,
,,,,,,,,,,,,,,,,
,,,,,,,,,,,,,,,,
,,,,,,,,,,,,,,,,
,,,,,,,,,,,,,,,,
,,,,,,,,,,,,,,,,
,,,,,,,,,,,,,,,,
,,,,,,,,,,,,,,,,
,,,,,,,,,,,,,,,,
,,,,,,,,,,,,,,,,
,,,,,,,,,,,,,,,,
,,,,,,,,,,,,,,,,
,,,,,,,,,,,,,,,,
,,,,,,,,,,,,,,,,
,,,,,,,,,,,,,,,,
,,,,,,,,,,,,,,,,
,,,,,,,,,,,,,,,,
,,,,,,,,,,,,,,,,
,,,,,,,,,,,,,,,,
RT @larlakechi58: #Retweet and like to see more!ğŸ’•ğŸ˜ˆ\n\n#tits #cock #bbc #cumtribute #nude #dm #horny #teen #nike #cumslut #cock #cum #cockslutâ€¦,Raxe,,False,29.0,7.0,331.0,ar,,,,,,,,33.0,False
,,,,,,,,,,,,,,,,
,,,,,,,,,,,,,,,,
,,,,,,,,,,,,,,,,
,,,,,,,,,,,,,,,,
,,,,,,,,,,,,,,,,
,,,,,,,,,,,,,,,,
,,,,,,,,,,,,,,,,
,,,,,,,,,,,,,,,,
,,,,,,,,,,,,,,,,
,,,,,,,,,,,,,,,,
,,,,,,,,,,,,,,,,
,,,,,,,,,,,,,,,,
,,,,,,,,,,,,,,,,
,,,,,,,,,,,,,,,,
,,,,,,,,,,,,,,,,
,,,,,,,,,,,,,,,,
,,,,,,,,,,,,,,,,
,,,,,,,,,,,,,,,,
,,,,,,,,,,,,,,,,
,,,,,,,,,,,,,,,,
,,,,,,,,,,,,,,,,
,,,,,,,,,,,,,,,,
,,,,,,,,,,,,,,,,
,,,,,,,,,,,,,,,,
,,,,,,,,,,,,,,,,
,,,,,,,,,,,,,,,,
,,,,,,,,,,,,,,,,
,,,,,,,,,,,,,,,,
,,,,,,,,,,,,,,,,
,,,,,,,,,,,,,,,,
"I tend to 'over-write' scenes and as I'm editing my current #WIP, trying to decide which scenes to cut, I'm actuallâ€¦ https://t.co/jD1ZGpypPl",M.J. Bavis,UK,False,96.0,90.0,56.0,en,,,,,,,,,False
,,,,,,,,,,,,,,,,
,,,,,,,,,,,,,,,,
,,,,,,,,,,,,,,,,
RT @pQEepilrn85Lg1x: ZOZOTOWNå‰æ¾¤ç¤¾é•·ã«ä¾¿ä¹—\n\nå‚åŠ æ–¹æ³•RT&ãƒ•ã‚©ãƒ­ãƒ¼\n\nğŸ’°200å††\nğŸ’°1åƒå††\nğŸ’°5åƒå††\nğŸ’°1ä¸‡å††\nğŸ’°10ä¸‡å††\nğŸ’°50ä¸‡å††\nğŸ’°100ä¸‡å††\n\nã‚’ã€100åæ§˜ã€‘ã«\n\nä¸Šè¨˜ã®é‡‘é¡åˆ†ã®ãŠå¥½ããªç‰©ã€\nã¾ãŸã¯ã€ç¾é‡‘ã¨ã—ã¦ãƒ—ãƒ¬ã‚¼ãƒ³ãƒˆğŸå¸Œæœ›ã¯ãƒªãƒ—\n5â€¦,[FSR]ã‚†ãšã½ã‚“GK   â—¢â´â¶,ä¹ƒæœ¨å‚,False,331.0,461.0,753.0,ja,,,,,,,,365.0,False
,,,,,,,,,,,,,,,,
,,,,,,,,,,,,,,,,
,,,,,,,,,,,,,,,,
,,,,,,,,,,,,,,,,
,,,,,,,,,,,,,,,,
,,,,,,,,,,,,,,,,
,,,,,,,,,,,,,,,,
,,,,,,,,,,,,,,,,
,,,,,,,,,,,,,,,,
,,,,,,,,,,,,,,,,
,,,,,,,,,,,,,,,,
,,,,,,,,,,,,,,,,
,,,,,,,,,,,,,,,,
,,,,,,,,,,,,,,,,
,,,,,,,,,,,,,,,,
"YumuÅŸak FransÄ±z havlu kumaÅŸÄ±ndan Ã¼retilen katmana sahip, vÃ¼cudun ÅŸekline uyum saÄŸlayan kesimi ile hareket kabiliyetâ€¦ https://t.co/SIAfpLsnHX",YalÄ± Spor,Ä°zmir,False,7416.0,91.0,4990.0,tr,,,,,,,,,False
,,,,,,,,,,,,,,,,
,,,,,,,,,,,,,,,,
,,,,,,,,,,,,,,,,
RT @busylikeu: Amber and Chungha #justdoit #nikekorea #nike https://t.co/J080YsO4Mm,ì˜¤ë”²ê¾¸,,False,21.0,415.0,5998.0,ko,,,,,,,,76.0,False
,,,,,,,,,,,,,,,,
,,,,,,,,,,,,,,,,
,,,,,,,,,,,,,,,,
RT @marianot19: #TBT to when I started using the headbands and a part of the media killed me for using them.\n.\n#TBT cuando usaba la banda eâ€¦,Francisco Garcia,,False,1.0,28.0,126.0,en,,,,,,,,5.0,False
,,,,,,,,,,,,,,,,
,,,,,,,,,,,,,,,,
,,,,,,,,,,,,,,,,
,,,,,,,,,,,,,,,,
,,,,,,,,,,,,,,,,
,,,,,,,,,,,,,,,,
,,,,,,,,,,,,,,,,
,,,,,,,,,,,,,,,,
,,,,,,,,,,,,,,,,
,,,,,,,,,,,,,,,,
,,,,,,,,,,,,,,,,
,,,,,,,,,,,,,,,,
,,,,,,,,,,,,,,,,
,,,,,,,,,,,,,,,,
,,,,,,,,,,,,,,,,
RT @marianot19: #TBT to when I started using the headbands and a part of the media killed me for using them.\n.\n#TBT cuando usaba la banda eâ€¦,Francisco Garcia,,False,1.0,28.0,126.0,en,,,,,,,,5.0,False
,,,,,,,,,,,,,,,,
,,,,,,,,,,,,,,,,
,,,,,,,,,,,,,,,,
,,,,,,,,,,,,,,,,
,,,,,,,,,,,,,,,,
,,,,,,,,,,,,,,,,
,,,,,,,,,,,,,,,,
,,,,,,,,,,,,,,,,
,,,,,,,,,,,,,,,,
,,,,,,,,,,,,,,,,
,,,,,,,,,,,,,,,,
,,,,,,,,,,,,,,,,
,,,,,,,,,,,,,,,,
,,,,,,,,,,,,,,,,
,,,,,,,,,,,,,,,,
RT @pQEepilrn85Lg1x: ZOZOTOWNå‰æ¾¤ç¤¾é•·ã«ä¾¿ä¹—\n\nå‚åŠ æ–¹æ³•RT&ãƒ•ã‚©ãƒ­ãƒ¼\n\nğŸ’°200å††\nğŸ’°1åƒå††\nğŸ’°5åƒå††\nğŸ’°1ä¸‡å††\nğŸ’°10ä¸‡å††\nğŸ’°50ä¸‡å††\nğŸ’°100ä¸‡å††\n\nã‚’ã€100åæ§˜ã€‘ã«\n\nä¸Šè¨˜ã®é‡‘é¡åˆ†ã®ãŠå¥½ããªç‰©ã€\nã¾ãŸã¯ã€ç¾é‡‘ã¨ã—ã¦ãƒ—ãƒ¬ã‚¼ãƒ³ãƒˆğŸå¸Œæœ›ã¯ãƒªãƒ—\n5â€¦,ã‚†ã±ã‚‹,,False,74.0,128.0,300.0,en,,,,,,,,365.0,False
,,,,,,,,,,,,,,,,
,,,,,,,,,,,,,,,,
,,,,,,,,,,,,,,,,
,,,,,,,,,,,,,,,,
,,,,,,,,,,,,,,,,
,,,,,,,,,,,,,,,,
,,,,,,,,,,,,,,,,
,,,,,,,,,,,,,,,,
,,,,,,,,,,,,,,,,
,,,,,,,,,,,,,,,,
,,,,,,,,,,,,,,,,
,,,,,,,,,,,,,,,,
,,,,,,,,,,,,,,,,
,,,,,,,,,,,,,,,,
,,,,,,,,,,,,,,,,
RT @pQEepilrn85Lg1x: ZOZOTOWNå‰æ¾¤ç¤¾é•·ã«ä¾¿ä¹—\n\nå‚åŠ æ–¹æ³•RT&ãƒ•ã‚©ãƒ­ãƒ¼\n\nğŸ’°200å††\nğŸ’°1åƒå††\nğŸ’°5åƒå††\nğŸ’°1ä¸‡å††\nğŸ’°10ä¸‡å††\nğŸ’°50ä¸‡å††\nğŸ’°100ä¸‡å††\n\nã‚’ã€100åæ§˜ã€‘ã«\n\nä¸Šè¨˜ã®é‡‘é¡åˆ†ã®ãŠå¥½ããªç‰©ã€\nã¾ãŸã¯ã€ç¾é‡‘ã¨ã—ã¦ãƒ—ãƒ¬ã‚¼ãƒ³ãƒˆğŸå¸Œæœ›ã¯ãƒªãƒ—\n5â€¦,ã‚¢ã‚«ã‚¦ãƒ³ãƒˆè²©å£²,,False,6.0,25.0,9.0,en,,,,,,,,366.0,False
,,,,,,,,,,,,,,,,
,,,,,,,,,,,,,,,,
,,,,,,,,,,,,,,,,
,,,,,,,,,,,,,,,,
,,,,,,,,,,,,,,,,
,,,,,,,,,,,,,,,,
,,,,,,,,,,,,,,,,
,,,,,,,,,,,,,,,,
,,,,,,,,,,,,,,,,
,,,,,,,,,,,,,,,,
,,,,,,,,,,,,,,,,
,,,,,,,,,,,,,,,,
,,,,,,,,,,,,,,,,
,,,,,,,,,,,,,,,,
,,,,,,,,,,,,,,,,
RT @compsamsei35: she fuck on the boy\n\n#tits #cock #bbc #cumtribute #nude #dm #horny #teen #nike #cumslut #cock #cum #cockslut #cocktributeâ€¦,kaleelur rahman,123456,False,112.0,114.0,8907.0,en,,,,,,,,123.0,False
,,,,,,,,,,,,,,,,
,,,,,,,,,,,,,,,,
,,,,,,,,,,,,,,,,
,,,,,,,,,,,,,,,,
,,,,,,,,,,,,,,,,
,,,,,,,,,,,,,,,,
,,,,,,,,,,,,,,,,
,,,,,,,,,,,,,,,,
,,,,,,,,,,,,,,,,
,,,,,,,,,,,,,,,,
,,,,,,,,,,,,,,,,
,,,,,,,,,,,,,,,,
,,,,,,,,,,,,,,,,
,,,,,,,,,,,,,,,,
,,,,,,,,,,,,,,,,
,,,,,,,,,,,,,,,,
,,,,,,,,,,,,,,,,
,,,,,,,,,,,,,,,,
,,,,,,,,,,,,,,,,
,,,,,,,,,,,,,,,,
,,,,,,,,,,,,,,,,
,,,,,,,,,,,,,,,,
,,,,,,,,,,,,,,,,
,,,,,,,,,,,,,,,,
,,,,,,,,,,,,,,,,
,,,,,,,,,,,,,,,,
,,,,,,,,,,,,,,,,
,,,,,,,,,,,,,,,,
,,,,,,,,,,,,,,,,
RT @pQEepilrn85Lg1x: ZOZOTOWNå‰æ¾¤ç¤¾é•·ã«ä¾¿ä¹—\n\nå‚åŠ æ–¹æ³•RT&ãƒ•ã‚©ãƒ­ãƒ¼\n\nğŸ’°200å††\nğŸ’°1åƒå††\nğŸ’°5åƒå††\nğŸ’°1ä¸‡å††\nğŸ’°10ä¸‡å††\nğŸ’°50ä¸‡å††\nğŸ’°100ä¸‡å††\n\nã‚’ã€100åæ§˜ã€‘ã«\n\nä¸Šè¨˜ã®é‡‘é¡åˆ†ã®ãŠå¥½ããªç‰©ã€\nã¾ãŸã¯ã€ç¾é‡‘ã¨ã—ã¦ãƒ—ãƒ¬ã‚¼ãƒ³ãƒˆğŸå¸Œæœ›ã¯ãƒªãƒ—\n5â€¦,6340ã‚€ã•ã—ã¾ã‚‹,æ—¥æœ¬,False,117.0,268.0,608.0,ja,,,,,,,,367.0,False
,,,,,,,,,,,,,,,,
,,,,,,,,,,,,,,,,
,,,,,,,,,,,,,,,,
,,,,,,,,,,,,,,,,
,,,,,,,,,,,,,,,,
,,,,,,,,,,,,,,,,
,,,,,,,,,,,,,,,,
,,,,,,,,,,,,,,,,
,,,,,,,,,,,,,,,,
,,,,,,,,,,,,,,,,
,,,,,,,,,,,,,,,,
,,,,,,,,,,,,,,,,
,,,,,,,,,,,,,,,,
,,,,,,,,,,,,,,,,
,,,,,,,,,,,,,,,,
"RT @perlengkin45: Hurry up baby my pussy very wet, I need your cock in my pussy now! do #RT ğŸ‘ğŸ’¦ğŸ†\n\n#tits #cock #bbc #cumtribute #nude #dm #hoâ€¦",Mavro Elite,Earth,False,99.0,332.0,2485.0,en,,,,,,,,45.0,False
,,,,,,,,,,,,,,,,
,,,,,,,,,,,,,,,,
,,,,,,,,,,,,,,,,
,,,,,,,,,,,,,,,,
,,,,,,,,,,,,,,,,
,,,,,,,,,,,,,,,,
,,,,,,,,,,,,,,,,
,,,,,,,,,,,,,,,,
,,,,,,,,,,,,,,,,
,,,,,,,,,,,,,,,,
,,,,,,,,,,,,,,,,
,,,,,,,,,,,,,,,,
,,,,,,,,,,,,,,,,
,,,,,,,,,,,,,,,,
,,,,,,,,,,,,,,,,
,,,,,,,,,,,,,,,,
,,,,,,,,,,,,,,,,
,,,,,,,,,,,,,,,,
,,,,,,,,,,,,,,,,
,,,,,,,,,,,,,,,,
,,,,,,,,,,,,,,,,
,,,,,,,,,,,,,,,,
,,,,,,,,,,,,,,,,
,,,,,,,,,,,,,,,,
,,,,,,,,,,,,,,,,
,,,,,,,,,,,,,,,,
,,,,,,,,,,,,,,,,
IZ*ONE #YENA 190116 | GMP\n\n* [Romantic Crown]\n* Flag Hoodie (butter)\n* â‚©72.000\nhttps://t.co/C71nPsyliv\n\n#ìµœì˜ˆë‚˜ #ì˜ˆë‚˜â€¦ https://t.co/ygejDiWLUu,IZ*ONE  FASHION,,False,4835.0,28.0,775.0,en,,,,,,,,,False
,,,,,,,,,,,,,,,,
,,,,,,,,,,,,,,,,
,,,,,,,,,,,,,,,,
,,,,,,,,,,,,,,,,
,,,,,,,,,,,,,,,,
,,,,,,,,,,,,,,,,
,,,,,,,,,,,,,,,,
,,,,,,,,,,,,,,,,
,,,,,,,,,,,,,,,,
,,,,,,,,,,,,,,,,
,,,,,,,,,,,,,,,,
,,,,,,,,,,,,,,,,
#Retweet and like to see more!ğŸ’•ğŸ˜ˆ\nCan anyone love me?\n\n#tits #cock #bbc #cumtribute #nude #dm #horny #teen #nikeâ€¦ https://t.co/lUaX74QKCS,Sheri Steele ğŸ’‹,Aurora,False,2277.0,1584.0,213.0,en,,,,,,,,,False
,,,,,,,,,,,,,,,,
,,,,,,,,,,,,,,,,
,,,,,,,,,,,,,,,,
,,,,,,,,,,,,,,,,
,,,,,,,,,,,,,,,,
,,,,,,,,,,,,,,,,
,,,,,,,,,,,,,,,,
,,,,,,,,,,,,,,,,
,,,,,,,,,,,,,,,,
,,,,,,,,,,,,,,,,
,,,,,,,,,,,,,,,,
,,,,,,,,,,,,,,,,
,,,,,,,,,,,,,,,,
,,,,,,,,,,,,,,,,
,,,,,,,,,,,,,,,,
,,,,,,,,,,,,,,,,
,,,,,,,,,,,,,,,,
,,,,,,,,,,,,,,,,
,,,,,,,,,,,,,,,,
,,,,,,,,,,,,,,,,
,,,,,,,,,,,,,,,,
,,,,,,,,,,,,,,,,
,,,,,,,,,,,,,,,,
,,,,,,,,,,,,,,,,
,,,,,,,,,,,,,,,,
,,,,,,,,,,,,,,,,
,,,,,,,,,,,,,,,,
,,,,,,,,,,,,,,,,
,,,,,,,,,,,,,,,,
RT @hungvanngo: Reunited and it feels so good! ğŸ˜› \n@selenagomez x @puma @marikosakata @thatgirlbeverly @tombachik @marissa.marino \n#SelenaGoâ€¦,Cristina Lupica,United States,False,115.0,107.0,4920.0,en,,,,,,,,1488.0,False
,,,,,,,,,,,,,,,,
,,,,,,,,,,,,,,,,
,,,,,,,,,,,,,,,,
,,,,,,,,,,,,,,,,
RT @neumopin98: who like this ? #RTğŸ˜‹ğŸ’¦ğŸ˜‹\n\n#tits #cock #bbc #cumtribute #nude #dm #horny #teen #nike #cumslut #cock #cum #cockslut #cocktributâ€¦,Ludovic Common,,False,158.0,523.0,3213.0,fr,,,,,,,,26.0,False
,,,,,,,,,,,,,,,,
,,,,,,,,,,,,,,,,
,,,,,,,,,,,,,,,,
,,,,,,,,,,,,,,,,
,,,,,,,,,,,,,,,,
,,,,,,,,,,,,,,,,
,,,,,,,,,,,,,,,,
,,,,,,,,,,,,,,,,
,,,,,,,,,,,,,,,,
,,,,,,,,,,,,,,,,
,,,,,,,,,,,,,,,,
,,,,,,,,,,,,,,,,
,,,,,,,,,,,,,,,,
,,,,,,,,,,,,,,,,
,,,,,,,,,,,,,,,,
,,,,,,,,,,,,,,,,
,,,,,,,,,,,,,,,,
,,,,,,,,,,,,,,,,
,,,,,,,,,,,,,,,,
,,,,,,,,,,,,,,,,
,,,,,,,,,,,,,,,,
,,,,,,,,,,,,,,,,
,,,,,,,,,,,,,,,,
,,,,,,,,,,,,,,,,
,,,,,,,,,,,,,,,,
,,,,,,,,,,,,,,,,
,,,,,,,,,,,,,,,,
,,,,,,,,,,,,,,,,
,,,,,,,,,,,,,,,,
,,,,,,,,,,,,,,,,
"@Corriere #Nike Ã¨ dovuta intervenire la polizia, hanno chiuso la stazione MM non Ã¨ il caso che gli inventori di queâ€¦ https://t.co/246DeDRIjB",Kadreg1 ğŸ‡®ğŸ‡¹, ,False,185.0,205.0,8696.0,it,,,,,,,,,False
RT @pQEepilrn85Lg1x: ZOZOTOWNå‰æ¾¤ç¤¾é•·ã«ä¾¿ä¹—\n\nå‚åŠ æ–¹æ³•RT&ãƒ•ã‚©ãƒ­ãƒ¼\n\nğŸ’°200å††\nğŸ’°1åƒå††\nğŸ’°5åƒå††\nğŸ’°1ä¸‡å††\nğŸ’°10ä¸‡å††\nğŸ’°50ä¸‡å††\nğŸ’°100ä¸‡å††\n\nã‚’ã€100åæ§˜ã€‘ã«\n\nä¸Šè¨˜ã®é‡‘é¡åˆ†ã®ãŠå¥½ããªç‰©ã€\nã¾ãŸã¯ã€ç¾é‡‘ã¨ã—ã¦ãƒ—ãƒ¬ã‚¼ãƒ³ãƒˆğŸå¸Œæœ›ã¯ãƒªãƒ—\n5â€¦,æ˜Ÿå®¤,å–å¼•ç›¸æ‰‹ã®æ–¹ä»¥å¤–ã®ãƒ•ã‚©ãƒ­ãƒ¼ã¯æ»…ğŸ”ª,False,0.0,198.0,1178.0,en,,,,,,,,368.0,False
,,,,,,,,,,,,,,,,
,,,,,,,,,,,,,,,,
,,,,,,,,,,,,,,,,
,,,,,,,,,,,,,,,,
,,,,,,,,,,,,,,,,
,,,,,,,,,,,,,,,,
,,,,,,,,,,,,,,,,
,,,,,,,,,,,,,,,,
,,,,,,,,,,,,,,,,
,,,,,,,,,,,,,,,,
,,,,,,,,,,,,,,,,
,,,,,,,,,,,,,,,,
,,,,,,,,,,,,,,,,
,,,,,,,,,,,,,,,,
,,,,,,,,,,,,,,,,
"RT @somervilleyouth: The Somerville has a running club for young people! \nLead by @Manni_O they learn running techniques, warm ups & duratiâ€¦",Anshu Srivastava,"London, England",False,63.0,220.0,748.0,en-gb,,,,,,,,2.0,False
,,,,,,,,,,,,,,,,
,,,,,,,,,,,,,,,,
,,,,,,,,,,,,,,,,
RT @pQEepilrn85Lg1x: ZOZOTOWNå‰æ¾¤ç¤¾é•·ã«ä¾¿ä¹—\n\nå‚åŠ æ–¹æ³•RT&ãƒ•ã‚©ãƒ­ãƒ¼\n\nğŸ’°200å††\nğŸ’°1åƒå††\nğŸ’°5åƒå††\nğŸ’°1ä¸‡å††\nğŸ’°10ä¸‡å††\nğŸ’°50ä¸‡å††\nğŸ’°100ä¸‡å††\n\nã‚’ã€100åæ§˜ã€‘ã«\n\nä¸Šè¨˜ã®é‡‘é¡åˆ†ã®ãŠå¥½ããªç‰©ã€\nã¾ãŸã¯ã€ç¾é‡‘ã¨ã—ã¦ãƒ—ãƒ¬ã‚¼ãƒ³ãƒˆğŸå¸Œæœ›ã¯ãƒªãƒ—\n5â€¦,ãƒ©ãƒ‹ãƒ,,False,176.0,136.0,181.0,ja,,,,,,,,369.0,False
,,,,,,,,,,,,,,,,
,,,,,,,,,,,,,,,,
,,,,,,,,,,,,,,,,
,,,,,,,,,,,,,,,,
,,,,,,,,,,,,,,,,
,,,,,,,,,,,,,,,,
,,,,,,,,,,,,,,,,
,,,,,,,,,,,,,,,,
,,,,,,,,,,,,,,,,
,,,,,,,,,,,,,,,,
,,,,,,,,,,,,,,,,
,,,,,,,,,,,,,,,,
,,,,,,,,,,,,,,,,
,,,,,,,,,,,,,,,,
,,,,,,,,,,,,,,,,
@FilmProfessor9 Meanwhile... There is a big (World's Largest?) #Skechers wholesale mart near one of my Doctor's offâ€¦ https://t.co/uAeKusaYp3,Jon Vince,"Las Vegas, NV",False,4076.0,4997.0,33179.0,en,,,,,,,,,False
RT @daakungbone74: #Retweet and like to see more!ğŸ’•ğŸ˜ˆ\nCan anyone love me?\n\n#tits #cock #bbc #cumtribute #nude #dm #horny #teen #nike #cumslutâ€¦,Kendra Williams,Columbia,False,5630.0,4925.0,1705.0,en,,,,,,,,1.0,False
,,,,,,,,,,,,,,,,
,,,,,,,,,,,,,,,,
,,,,,,,,,,,,,,,,
,,,,,,,,,,,,,,,,
,,,,,,,,,,,,,,,,
,,,,,,,,,,,,,,,,
,,,,,,,,,,,,,,,,
,,,,,,,,,,,,,,,,
,,,,,,,,,,,,,,,,
,,,,,,,,,,,,,,,,
,,,,,,,,,,,,,,,,
,,,,,,,,,,,,,,,,
,,,,,,,,,,,,,,,,
,,,,,,,,,,,,,,,,
,,,,,,,,,,,,,,,,
,,,,,,,,,,,,,,,,
,,,,,,,,,,,,,,,,
,,,,,,,,,,,,,,,,
,,,,,,,,,,,,,,,,
,,,,,,,,,,,,,,,,
,,,,,,,,,,,,,,,,
,,,,,,,,,,,,,,,,
,,,,,,,,,,,,,,,,
,,,,,,,,,,,,,,,,
,,,,,,,,,,,,,,,,
,,,,,,,,,,,,,,,,
,,,,,,,,,,,,,,,,
,,,,,,,,,,,,,,,,
,,,,,,,,,,,,,,,,
RT @daakungbone74: #Retweet and like to see more!ğŸ’•ğŸ˜ˆ\nCan anyone love me?\n\n#tits #cock #bbc #cumtribute #nude #dm #horny #teen #nike #cumslutâ€¦,Kendra Williams,Columbia,False,5630.0,4925.0,1706.0,en,,,,,,,,1.0,False
,,,,,,,,,,,,,,,,
,,,,,,,,,,,,,,,,
,,,,,,,,,,,,,,,,
,,,,,,,,,,,,,,,,
,,,,,,,,,,,,,,,,
,,,,,,,,,,,,,,,,
,,,,,,,,,,,,,,,,
,,,,,,,,,,,,,,,,
,,,,,,,,,,,,,,,,
,,,,,,,,,,,,,,,,
,,,,,,,,,,,,,,,,
,,,,,,,,,,,,,,,,
,,,,,,,,,,,,,,,,
,,,,,,,,,,,,,,,,
,,,,,,,,,,,,,,,,
,,,,,,,,,,,,,,,,
,,,,,,,,,,,,,,,,
,,,,,,,,,,,,,,,,
,,,,,,,,,,,,,,,,
,,,,,,,,,,,,,,,,
,,,,,,,,,,,,,,,,
,,,,,,,,,,,,,,,,
,,,,,,,,,,,,,,,,
,,,,,,,,,,,,,,,,
,,,,,,,,,,,,,,,,
,,,,,,,,,,,,,,,,
,,,,,,,,,,,,,,,,
,,,,,,,,,,,,,,,,
,,,,,,,,,,,,,,,,
RT @daakungbone74: #Retweet and like to see more!ğŸ’•ğŸ˜ˆ\nCan anyone love me?\n\n#tits #cock #bbc #cumtribute #nude #dm #horny #teen #nike #cumslutâ€¦,Kendra Williams,Columbia,False,5630.0,4925.0,1707.0,en,,,,,,,,1.0,False
,,,,,,,,,,,,,,,,
,,,,,,,,,,,,,,,,
,,,,,,,,,,,,,,,,
,,,,,,,,,,,,,,,,
,,,,,,,,,,,,,,,,
,,,,,,,,,,,,,,,,
,,,,,,,,,,,,,,,,
,,,,,,,,,,,,,,,,
,,,,,,,,,,,,,,,,
,,,,,,,,,,,,,,,,
,,,,,,,,,,,,,,,,
,,,,,,,,,,,,,,,,
,,,,,,,,,,,,,,,,
,,,,,,,,,,,,,,,,
,,,,,,,,,,,,,,,,
,,,,,,,,,,,,,,,,
,,,,,,,,,,,,,,,,
,,,,,,,,,,,,,,,,
,,,,,,,,,,,,,,,,
,,,,,,,,,,,,,,,,
,,,,,,,,,,,,,,,,
,,,,,,,,,,,,,,,,
,,,,,,,,,,,,,,,,
,,,,,,,,,,,,,,,,
,,,,,,,,,,,,,,,,
,,,,,,,,,,,,,,,,
,,,,,,,,,,,,,,,,
,,,,,,,,,,,,,,,,
,,,,,,,,,,,,,,,,
RT @daakungbone74: #Retweet and like to see more!ğŸ’•ğŸ˜ˆ\nCan anyone love me?\n\n#tits #cock #bbc #cumtribute #nude #dm #horny #teen #nike #cumslutâ€¦,Kendra Williams,Columbia,False,5630.0,4925.0,1708.0,en,,,,,,,,1.0,False
,,,,,,,,,,,,,,,,
,,,,,,,,,,,,,,,,
,,,,,,,,,,,,,,,,
,,,,,,,,,,,,,,,,
,,,,,,,,,,,,,,,,
,,,,,,,,,,,,,,,,
,,,,,,,,,,,,,,,,
,,,,,,,,,,,,,,,,
,,,,,,,,,,,,,,,,
,,,,,,,,,,,,,,,,
,,,,,,,,,,,,,,,,
,,,,,,,,,,,,,,,,
,,,,,,,,,,,,,,,,
,,,,,,,,,,,,,,,,
,,,,,,,,,,,,,,,,
,,,,,,,,,,,,,,,,
,,,,,,,,,,,,,,,,
,,,,,,,,,,,,,,,,
,,,,,,,,,,,,,,,,
,,,,,,,,,,,,,,,,
,,,,,,,,,,,,,,,,
,,,,,,,,,,,,,,,,
,,,,,,,,,,,,,,,,
,,,,,,,,,,,,,,,,
,,,,,,,,,,,,,,,,
,,,,,,,,,,,,,,,,
,,,,,,,,,,,,,,,,
,,,,,,,,,,,,,,,,
,,,,,,,,,,,,,,,,
RT @daakungbone74: #Retweet and like to see more!ğŸ’•ğŸ˜ˆ\nCan anyone love me?\n\n#tits #cock #bbc #cumtribute #nude #dm #horny #teen #nike #cumslutâ€¦,Kendra Williams,Columbia,False,5630.0,4925.0,1709.0,en,,,,,,,,1.0,False
,,,,,,,,,,,,,,,,
,,,,,,,,,,,,,,,,
,,,,,,,,,,,,,,,,
,,,,,,,,,,,,,,,,
,,,,,,,,,,,,,,,,
,,,,,,,,,,,,,,,,
,,,,,,,,,,,,,,,,
,,,,,,,,,,,,,,,,
,,,,,,,,,,,,,,,,
,,,,,,,,,,,,,,,,
,,,,,,,,,,,,,,,,
,,,,,,,,,,,,,,,,
,,,,,,,,,,,,,,,,
,,,,,,,,,,,,,,,,
,,,,,,,,,,,,,,,,
,,,,,,,,,,,,,,,,
,,,,,,,,,,,,,,,,
,,,,,,,,,,,,,,,,
,,,,,,,,,,,,,,,,
,,,,,,,,,,,,,,,,
,,,,,,,,,,,,,,,,
,,,,,,,,,,,,,,,,
,,,,,,,,,,,,,,,,
,,,,,,,,,,,,,,,,
,,,,,,,,,,,,,,,,
,,,,,,,,,,,,,,,,
,,,,,,,,,,,,,,,,
,,,,,,,,,,,,,,,,
,,,,,,,,,,,,,,,,
RT @pQEepilrn85Lg1x: ZOZOTOWNå‰æ¾¤ç¤¾é•·ã«ä¾¿ä¹—\n\nå‚åŠ æ–¹æ³•RT&ãƒ•ã‚©ãƒ­ãƒ¼\n\nğŸ’°200å††\nğŸ’°1åƒå††\nğŸ’°5åƒå††\nğŸ’°1ä¸‡å††\nğŸ’°10ä¸‡å††\nğŸ’°50ä¸‡å††\nğŸ’°100ä¸‡å††\n\nã‚’ã€100åæ§˜ã€‘ã«\n\nä¸Šè¨˜ã®é‡‘é¡åˆ†ã®ãŠå¥½ããªç‰©ã€\nã¾ãŸã¯ã€ç¾é‡‘ã¨ã—ã¦ãƒ—ãƒ¬ã‚¼ãƒ³ãƒˆğŸå¸Œæœ›ã¯ãƒªãƒ—\n5â€¦,ãƒ™ã‚¤ãƒ©ãƒ³ãƒ´ã‚¡ãƒ³ãƒ‰bot,,False,5.0,10.0,18.0,en,,,,,,,,370.0,False
,,,,,,,,,,,,,,,,
,,,,,,,,,,,,,,,,
,,,,,,,,,,,,,,,,
,,,,,,,,,,,,,,,,
,,,,,,,,,,,,,,,,
,,,,,,,,,,,,,,,,
,,,,,,,,,,,,,,,,
,,,,,,,,,,,,,,,,
,,,,,,,,,,,,,,,,
,,,,,,,,,,,,,,,,
,,,,,,,,,,,,,,,,
,,,,,,,,,,,,,,,,
,,,,,,,,,,,,,,,,
,,,,,,,,,,,,,,,,
,,,,,,,,,,,,,,,,
Check out what I found. NIKE MENS SIZE L STRIPED BLUE POLO SHIRT SHORT SLEEVE T-SHIRT https://t.co/8RnnbLU4Ww viaâ€¦ https://t.co/aawvELuyDb,shoponline,"London, England",False,1672.0,1623.0,4741.0,en,,,,,,,,,False
,,,,,,,,,,,,,,,,
,,,,,,,,,,,,,,,,
,,,,,,,,,,,,,,,,
,,,,,,,,,,,,,,,,
,,,,,,,,,,,,,,,,
,,,,,,,,,,,,,,,,
,,,,,,,,,,,,,,,,
,,,,,,,,,,,,,,,,
,,,,,,,,,,,,,,,,
,,,,,,,,,,,,,,,,
,,,,,,,,,,,,,,,,
,,,,,,,,,,,,,,,,
,,,,,,,,,,,,,,,,
Y para tu San valentin!.\n\n#829-350-4546 #diferente19 #flow2020 #nike #gymfit #socks #black #somosmannyboutique #redâ€¦ https://t.co/fuKoIBvNKb,@mannyboutiquerd / @mannysocks,,False,997.0,823.0,17820.0,es,18.49333333,-69.86666667,-69.86666667,18.49333333,anto Domingo de GuzmÃ¡n,"anto Domingo de GuzmÃ¡n, Dominican Republic",Dominican Republic,,False
,,,,,,,,,,,,,,,,
,,,,,,,,,,,,,,,,
,,,,,,,,,,,,,,,,
,,,,,,,,,,,,,,,,
,,,,,,,,,,,,,,,,
,,,,,,,,,,,,,,,,
,,,,,,,,,,,,,,,,
,,,,,,,,,,,,,,,,
,,,,,,,,,,,,,,,,
å›½å†…ç™ºé€ NIKE Jordan1 Retro High Neutral Grey Hyper Crimson\nhttps://t.co/WIAilUUhFm \n#é™å®š#adidas #YeezyBoostâ€¦ https://t.co/I7tU6Ee8No,Spiga88Spiga,æ±äº¬ æ¸¯åŒº,False,0.0,0.0,3022.0,ja,,,,,,,,,False
,,,,,,,,,,,,,,,,
,,,,,,,,,,,,,,,,
,,,,,,,,,,,,,,,,
,,,,,,,,,,,,,,,,
,,,,,,,,,,,,,,,,
,,,,,,,,,,,,,,,,
,,,,,,,,,,,,,,,,
,,,,,,,,,,,,,,,,
,,,,,,,,,,,,,,,,
"RT @RING_KNOWS_RING: ãƒ¬ãƒ“ãƒ¥ãƒ¼ã‚¢ãƒƒãƒ—ã—ã¾ã—ãŸï¼\n\n""NIKE KOBE 1 PROTRO Performance Review""\nã‚³ãƒ¼ãƒ“ãƒ¼ï½¥ãƒ–ãƒ©ã‚¤ã‚¢ãƒ³ãƒˆã®ã‚·ã‚°ãƒãƒãƒ£ãƒ¼ãƒ¢ãƒ‡ãƒ«ç¬¬1ä½œç›®ã®ãƒªãƒ“ã‚¸ãƒ§ãƒ³ãƒ¢ãƒ‡ãƒ«, ã‚³ãƒ¼ãƒ“ãƒ¼1 ãƒ—ãƒ­ãƒˆãƒ­ã®ãƒ¬ãƒ“ãƒ¥ãƒ¼ã§ã™ï¼\nhttps://tâ€¦",RING KNOWS RING,,False,194.0,84.0,1554.0,ja,,,,,,,,6.0,False
,,,,,,,,,,,,,,,,
,,,,,,,,,,,,,,,,
,,,,,,,,,,,,,,,,
,,,,,,,,,,,,,,,,
,,,,,,,,,,,,,,,,
,,,,,,,,,,,,,,,,
,,,,,,,,,,,,,,,,
YEEZY 700 V2 Static #adidas EF2829 #KanyeWest\nhttps://t.co/TOUhE2FUhx\n#é™å®š#adidas #YeezyBoost #YeezyBoost350V2â€¦ https://t.co/cF7bAFvQtn,Spiga88Spiga,æ±äº¬ æ¸¯åŒº,False,0.0,0.0,3023.0,ja,,,,,,,,,False
,,,,,,,,,,,,,,,,
,,,,,,,,,,,,,,,,
,,,,,,,,,,,,,,,,
,,,,,,,,,,,,,,,,
,,,,,,,,,,,,,,,,
,,,,,,,,,,,,,,,,
,,,,,,,,,,,,,,,,
,,,,,,,,,,,,,,,,
,,,,,,,,,,,,,,,,
,,,,,,,,,,,,,,,,
,,,,,,,,,,,,,,,,
ã‚³ãƒ ãƒ‡ã‚®ãƒ£ãƒ«ã‚½ãƒ³ ã‚ªãƒ  ãƒ—ãƒªãƒ¥ã‚¹ x Nike Air Mowabbï¼ˆãƒŠã‚¤ã‚­ãƒ»ã‚¨ã‚¢ãƒ¢ãƒ¯ãƒ–ï¼‰ https://t.co/CUVZWTxmKT https://t.co/e6pNkq913t #CDG #ãƒŠã‚¤ã‚­ #ã‚³ãƒ ãƒ‡ã‚®ãƒ£ãƒ«ã‚½ãƒ³ #Nike #ã‚¨ã‚¢ãƒ¢ãƒ¯ãƒ– #ACGã‚¹ãƒ‹ãƒ¼ã‚«ãƒ¼,ãƒŠã‚¤ã‚­Ã—ã‚³ãƒ ãƒ‡ã‚®ãƒ£ãƒ«ã‚½ãƒ³,,False,1413.0,1541.0,29209.0,ja,,,,,,,,,False
,,,,,,,,,,,,,,,,
,,,,,,,,,,,,,,,,
,,,,,,,,,,,,,,,,
,,,,,,,,,,,,,,,,
,,,,,,,,,,,,,,,,
RT @RubberChavLad: #gay #gayrubber #gayrubberfetish #rubberfetish #gaylatex #latexmask #gaygloves #chav #gaychav #latex #gasmask #rubbercatâ€¦,Alex Morgan,"Inverurie, Scotland",False,53.0,260.0,660.0,en-gb,,,,,,,,3.0,False
,,,,,,,,,,,,,,,,
,,,,,,,,,,,,,,,,
,,,,,,,,,,,,,,,,
,,,,,,,,,,,,,,,,
,,,,,,,,,,,,,,,,
,,,,,,,,,,,,,,,,
,,,,,,,,,,,,,,,,
,,,,,,,,,,,,,,,,
,,,,,,,,,,,,,,,,
,,,,,,,,,,,,,,,,
,,,,,,,,,,,,,,,,
,,,,,,,,,,,,,,,,
,,,,,,,,,,,,,,,,
,,,,,,,,,,,,,,,,
,,,,,,,,,,,,,,,,
,,,,,,,,,,,,,,,,
,,,,,,,,,,,,,,,,
,,,,,,,,,,,,,,,,
,,,,,,,,,,,,,,,,
,,,,,,,,,,,,,,,,
,,,,,,,,,,,,,,,,
,,,,,,,,,,,,,,,,
,,,,,,,,,,,,,,,,
,,,,,,,,,,,,,,,,
RT @daakungbone74: #Retweet and like to see more!ğŸ’•ğŸ˜ˆ\nCan anyone love me?\n\n#tits #cock #bbc #cumtribute #nude #dm #horny #teen #nike #cumslutâ€¦,Jill Robinson ğŸ˜,Milwaukee,False,3449.0,1541.0,254.0,en,,,,,,,,2.0,False
,,,,,,,,,,,,,,,,
,,,,,,,,,,,,,,,,
,,,,,,,,,,,,,,,,
,,,,,,,,,,,,,,,,
,,,,,,,,,,,,,,,,
,,,,,,,,,,,,,,,,
,,,,,,,,,,,,,,,,
,,,,,,,,,,,,,,,,
,,,,,,,,,,,,,,,,
,,,,,,,,,,,,,,,,
,,,,,,,,,,,,,,,,
,,,,,,,,,,,,,,,,
,,,,,,,,,,,,,,,,
,,,,,,,,,,,,,,,,
,,,,,,,,,,,,,,,,
,,,,,,,,,,,,,,,,
,,,,,,,,,,,,,,,,
,,,,,,,,,,,,,,,,
,,,,,,,,,,,,,,,,
,,,,,,,,,,,,,,,,
,,,,,,,,,,,,,,,,
,,,,,,,,,,,,,,,,
,,,,,,,,,,,,,,,,
,,,,,,,,,,,,,,,,
,,,,,,,,,,,,,,,,
,,,,,,,,,,,,,,,,
,,,,,,,,,,,,,,,,
,,,,,,,,,,,,,,,,
,,,,,,,,,,,,,,,,
HMU for a customisations!! #customisation #sneakers #airforceone #nike #hype #creps #hmu #street https://t.co/lGr9FEtC4Q,PapiiGhost,,False,11.0,59.0,22.0,en,,,,,,,,,False
,,,,,,,,,,,,,,,,
,,,,,,,,,,,,,,,,
,,,,,,,,,,,,,,,,
,,,,,,,,,,,,,,,,
,,,,,,,,,,,,,,,,
,,,,,,,,,,,,,,,,
,,,,,,,,,,,,,,,,
RT @daakungbone74: #Retweet and like to see more!ğŸ’•ğŸ˜ˆ\nCan anyone love me?\n\n#tits #cock #bbc #cumtribute #nude #dm #horny #teen #nike #cumslutâ€¦,Jill Robinson ğŸ˜,Milwaukee,False,3449.0,1541.0,255.0,en,,,,,,,,2.0,False
,,,,,,,,,,,,,,,,
,,,,,,,,,,,,,,,,
,,,,,,,,,,,,,,,,
,,,,,,,,,,,,,,,,
,,,,,,,,,,,,,,,,
,,,,,,,,,,,,,,,,
,,,,,,,,,,,,,,,,
,,,,,,,,,,,,,,,,
,,,,,,,,,,,,,,,,
,,,,,,,,,,,,,,,,
,,,,,,,,,,,,,,,,
,,,,,,,,,,,,,,,,
,,,,,,,,,,,,,,,,
,,,,,,,,,,,,,,,,
,,,,,,,,,,,,,,,,
,,,,,,,,,,,,,,,,
,,,,,,,,,,,,,,,,
,,,,,,,,,,,,,,,,
,,,,,,,,,,,,,,,,
,,,,,,,,,,,,,,,,
,,,,,,,,,,,,,,,,
,,,,,,,,,,,,,,,,
,,,,,,,,,,,,,,,,
,,,,,,,,,,,,,,,,
,,,,,,,,,,,,,,,,
,,,,,,,,,,,,,,,,
,,,,,,,,,,,,,,,,
,,,,,,,,,,,,,,,,
,,,,,,,,,,,,,,,,
RT @daakungbone74: #Retweet and like to see more!ğŸ’•ğŸ˜ˆ\nCan anyone love me?\n\n#tits #cock #bbc #cumtribute #nude #dm #horny #teen #nike #cumslutâ€¦,Jill Robinson ğŸ˜,Milwaukee,False,3449.0,1541.0,256.0,en,,,,,,,,2.0,False
,,,,,,,,,,,,,,,,
,,,,,,,,,,,,,,,,
,,,,,,,,,,,,,,,,
,,,,,,,,,,,,,,,,
,,,,,,,,,,,,,,,,
,,,,,,,,,,,,,,,,
,,,,,,,,,,,,,,,,
,,,,,,,,,,,,,,,,
,,,,,,,,,,,,,,,,
,,,,,,,,,,,,,,,,
,,,,,,,,,,,,,,,,
,,,,,,,,,,,,,,,,
,,,,,,,,,,,,,,,,
,,,,,,,,,,,,,,,,
,,,,,,,,,,,,,,,,
,,,,,,,,,,,,,,,,
,,,,,,,,,,,,,,,,
,,,,,,,,,,,,,,,,
,,,,,,,,,,,,,,,,
,,,,,,,,,,,,,,,,
,,,,,,,,,,,,,,,,
,,,,,,,,,,,,,,,,
,,,,,,,,,,,,,,,,
,,,,,,,,,,,,,,,,
,,,,,,,,,,,,,,,,
,,,,,,,,,,,,,,,,
,,,,,,,,,,,,,,,,
,,,,,,,,,,,,,,,,
,,,,,,,,,,,,,,,,
RT @daakungbone74: #Retweet and like to see more!ğŸ’•ğŸ˜ˆ\nCan anyone love me?\n\n#tits #cock #bbc #cumtribute #nude #dm #horny #teen #nike #cumslutâ€¦,Jill Robinson ğŸ˜,Milwaukee,False,3449.0,1541.0,257.0,en,,,,,,,,2.0,False
,,,,,,,,,,,,,,,,
,,,,,,,,,,,,,,,,
,,,,,,,,,,,,,,,,
,,,,,,,,,,,,,,,,
,,,,,,,,,,,,,,,,
,,,,,,,,,,,,,,,,
,,,,,,,,,,,,,,,,
,,,,,,,,,,,,,,,,
,,,,,,,,,,,,,,,,
,,,,,,,,,,,,,,,,
,,,,,,,,,,,,,,,,
,,,,,,,,,,,,,,,,
,,,,,,,,,,,,,,,,
,,,,,,,,,,,,,,,,
,,,,,,,,,,,,,,,,
,,,,,,,,,,,,,,,,
,,,,,,,,,,,,,,,,
,,,,,,,,,,,,,,,,
,,,,,,,,,,,,,,,,
,,,,,,,,,,,,,,,,
,,,,,,,,,,,,,,,,
,,,,,,,,,,,,,,,,
,,,,,,,,,,,,,,,,
,,,,,,,,,,,,,,,,
,,,,,,,,,,,,,,,,
,,,,,,,,,,,,,,,,
,,,,,,,,,,,,,,,,
,,,,,,,,,,,,,,,,
,,,,,,,,,,,,,,,,
RT @daakungbone74: #Retweet and like to see more!ğŸ’•ğŸ˜ˆ\nCan anyone love me?\n\n#tits #cock #bbc #cumtribute #nude #dm #horny #teen #nike #cumslutâ€¦,Jill Robinson ğŸ˜,Milwaukee,False,3450.0,1541.0,259.0,en,,,,,,,,2.0,False
,,,,,,,,,,,,,,,,
,,,,,,,,,,,,,,,,
,,,,,,,,,,,,,,,,
,,,,,,,,,,,,,,,,
,,,,,,,,,,,,,,,,
,,,,,,,,,,,,,,,,
,,,,,,,,,,,,,,,,
,,,,,,,,,,,,,,,,
,,,,,,,,,,,,,,,,
,,,,,,,,,,,,,,,,
,,,,,,,,,,,,,,,,
,,,,,,,,,,,,,,,,
,,,,,,,,,,,,,,,,
,,,,,,,,,,,,,,,,
,,,,,,,,,,,,,,,,
,,,,,,,,,,,,,,,,
,,,,,,,,,,,,,,,,
,,,,,,,,,,,,,,,,
,,,,,,,,,,,,,,,,
,,,,,,,,,,,,,,,,
,,,,,,,,,,,,,,,,
,,,,,,,,,,,,,,,,
,,,,,,,,,,,,,,,,
,,,,,,,,,,,,,,,,
,,,,,,,,,,,,,,,,
,,,,,,,,,,,,,,,,
,,,,,,,,,,,,,,,,
,,,,,,,,,,,,,,,,
,,,,,,,,,,,,,,,,
RT @Xx_EVIZONE_xX: ã‚ˆãï¼\n#NIKE https://t.co/STYTrrUOwG,ã—ã‚ƒã¹ã‚‹ã—ã‹ã°ã­@ã‚‚ã¡ã‚ƒã®çŠ¬,æ­»ã‚“ã ã‚ˆã†ã«ç”Ÿãã¦ã‚‹,False,1060.0,1102.0,13824.0,en,,,,,,,,1.0,False
,,,,,,,,,,,,,,,,
,,,,,,,,,,,,,,,,
,,,,,,,,,,,,,,,,
ã€æœ€å¤§P10å€ 2/9(åœŸ)20:00ã€œ2/16(åœŸ)1:59ã€‘ãƒ†ã‚£ãƒ³ãƒãƒ¼ãƒ©ãƒ³ãƒ‰ ãƒ¡ãƒ³ã‚º ã‚½ãƒ¼ãƒ¤ãƒ¼ https://t.co/nZF1HvHeHa #ã‚¹ãƒ‹ãƒ¼ã‚«ãƒ¼ #NIKE,æœ€æ–°ã‚¹ãƒ‹ãƒ¼ã‚«ãƒ¼ãƒªãƒªãƒ¼ã‚¹æƒ…å ±,,False,15.0,2.0,1648.0,ja,,,,,,,,,False
,,,,,,,,,,,,,,,,
